school,sex,age,address,famsize,pstatus,medu,fedu,mjob,fjob,reason,guardian,traveltime,studytime,failures,schoolsup,famsup,paid,activities,nursery,higher,internet,romantic,famrel,freetime,goout,dalc,walc,health,absences,g1,g2,g3,student_id,hours_studied,attendance,parental_involvement,access_to_resources,extracurricular_activities,sleep_hours,previous_scores,motivation_level,internet_access,tutoring_sessions,family_income,teacher_quality,school_type,peer_influence,physical_activity,learning_disabilities,parental_education_level,distance_from_home,gender,exam_score,previous_performance_level,study_level,sleep_quality,internal_marks_average
0,0,18.0,1,0,0,4.0,4.0,0,4,0,1,2.0,2.0,0.0,1,0,0,0,1,1,0,0,4.0,3.0,4.0,1.0,1.0,3.0,6.0,5.0,6.0,6.0,1.0,23.0,84.0,1,0,0,7.0,73.0,1,1,0.0,1,2,1,2,3.0,0,1,2,1,67.0,0,0,0,5.666666666666667
0,0,17.0,1,0,1,1.0,1.0,0,2,0,0,1.0,2.0,0.0,0,1,0,0,0,1,1,0,5.0,3.0,3.0,1.0,1.0,3.0,4.0,5.0,5.0,6.0,2.0,19.0,64.0,1,2,0,8.0,59.0,1,1,2.0,2,2,1,0,4.0,0,0,1,0,61.0,2,2,0,5.333333333333333
0,0,15.0,1,1,1,1.0,1.0,0,2,2,1,1.0,2.0,0.0,1,0,1,0,1,1,1,0,4.0,3.0,2.0,2.0,3.0,3.0,10.0,7.0,8.0,10.0,3.0,24.0,98.0,2,2,1,7.0,91.0,2,1,2.0,2,2,1,1,4.0,0,2,2,1,74.0,0,0,0,8.333333333333334
0,0,15.0,1,0,1,4.0,2.0,1,3,1,1,1.0,3.0,0.0,0,1,1,1,1,1,1,1,3.0,2.0,2.0,1.0,1.0,5.0,2.0,15.0,14.0,15.0,4.0,29.0,89.0,1,2,1,8.0,98.0,2,1,1.0,2,2,1,0,4.0,0,1,1,1,71.0,0,0,0,14.666666666666666
0,0,16.0,1,0,1,3.0,3.0,2,2,1,0,1.0,2.0,0.0,0,1,1,0,1,1,0,0,4.0,3.0,2.0,1.0,2.0,5.0,4.0,6.0,10.0,10.0,5.0,19.0,92.0,2,2,1,6.0,65.0,2,1,3.0,2,0,1,1,4.0,0,0,2,0,70.0,2,2,1,8.666666666666666
0,1,16.0,1,1,1,4.0,3.0,3,2,3,1,1.0,2.0,0.0,0,1,1,1,1,1,1,0,5.0,4.0,2.0,1.0,2.0,5.0,10.0,15.0,15.0,15.0,6.0,19.0,88.0,2,2,1,8.0,89.0,2,1,3.0,2,2,1,2,3.0,0,2,2,1,71.0,0,2,0,15.0
0,1,16.0,1,1,1,2.0,2.0,2,2,1,1,1.0,2.0,0.0,0,0,0,0,1,1,1,0,4.0,4.0,4.0,1.0,1.0,3.0,0.0,12.0,12.0,11.0,7.0,29.0,84.0,2,1,1,7.0,68.0,1,1,1.0,1,2,0,1,2.0,0,1,1,1,67.0,2,0,0,11.666666666666666
0,0,17.0,1,0,0,4.0,4.0,2,4,1,1,2.0,2.0,0.0,1,1,0,0,1,1,0,0,4.0,1.5,4.0,1.0,1.0,1.0,6.0,6.0,5.0,6.0,8.0,25.0,78.0,1,0,1,6.0,50.0,2,1,1.0,0,0,1,0,2.0,0,1,0,1,66.0,1,0,1,5.666666666666667
0,1,15.0,1,1,0,3.0,2.0,3,2,1,1,1.0,2.0,0.0,0,1,1,0,1,1,1,0,4.0,2.0,2.0,1.0,1.0,1.0,0.0,16.0,18.0,19.0,9.0,17.0,94.0,2,0,0,6.0,80.0,0,1,0.0,2,1,0,1,1.0,0,0,2,1,69.0,0,2,1,17.666666666666668
0,1,15.0,1,0,1,3.0,4.0,2,2,1,1,1.0,2.0,0.0,0,1,1,1,1,1,1,0,5.0,5.0,1.0,1.0,1.0,5.0,0.0,14.0,15.0,15.0,10.0,23.0,98.0,2,2,1,8.0,71.0,2,1,0.0,0,0,1,2,5.0,0,1,1,1,72.0,0,0,0,14.666666666666666
0,0,15.0,1,0,1,4.0,4.0,4,1,3,1,1.0,2.0,0.0,0,1,1,0,1,1,1,0,3.0,3.0,3.0,1.0,2.0,2.0,0.0,10.0,8.0,9.0,11.0,17.0,80.0,1,0,0,8.0,88.0,2,0,3.5,2,0,0,1,4.0,0,0,1,1,68.0,0,2,0,9.0
0,0,15.0,1,0,1,2.0,1.0,3,2,3,0,3.0,3.0,0.0,0,1,0,1,1,1,1,0,5.0,2.0,2.0,1.0,1.0,4.0,4.0,10.0,12.0,12.0,12.0,17.0,97.0,2,0,1,6.0,87.0,1,1,2.0,1,0,0,1,2.0,0,1,2,1,71.0,0,2,1,11.333333333333334
0,1,15.0,1,1,1,4.0,4.0,1,3,0,0,1.0,1.0,0.0,0,1,1,1,1,1,1,0,4.0,3.0,3.0,1.0,3.0,5.0,2.0,14.0,14.0,14.0,13.0,21.0,83.0,2,2,1,8.0,97.0,1,1,2.0,2,2,1,2,4.0,0,1,2,1,70.0,0,0,0,14.0
0,1,15.0,1,0,1,4.0,3.0,4,2,0,1,2.0,2.0,0.0,0,1,1,0,1,1,1,0,5.0,4.0,3.0,1.0,2.0,3.0,2.0,10.0,10.0,11.0,14.0,9.0,82.0,2,2,1,8.0,72.0,2,1,2.0,2,2,0,2,3.0,0,2,2,1,66.0,0,1,0,10.333333333333334
0,1,15.0,1,0,0,2.0,2.0,2,2,1,2,1.0,3.0,0.0,0,1,0,0,1,1,1,1,4.0,5.0,2.0,1.0,1.0,3.0,0.0,14.0,16.0,16.0,15.0,10.0,78.0,2,0,1,8.0,74.0,2,1,1.0,1,2,0,1,4.0,0,2,2,1,65.0,0,1,0,15.333333333333334
0,0,16.0,1,0,1,4.0,4.0,1,2,1,1,1.0,1.0,0.0,0,1,0,0,1,1,1,0,4.0,4.0,4.0,1.0,2.0,2.0,4.0,14.0,14.0,14.0,16.0,17.0,68.0,2,2,0,8.0,70.0,2,1,2.0,2,2,0,2,4.0,0,1,2,0,64.0,2,2,0,14.0
0,0,16.0,1,0,1,4.0,4.0,3,3,3,1,1.0,3.0,0.0,0,1,1,1,1,1,1,0,3.0,2.0,3.0,1.0,2.0,2.0,6.0,13.0,14.0,14.0,17.0,14.0,60.0,2,1,1,10.0,65.0,1,1,0.0,0,2,0,2,3.0,0,0,2,1,60.0,2,2,0,13.666666666666666
0,0,16.0,1,0,1,3.0,3.0,2,2,3,1,3.0,2.0,0.0,1,1,0,1,1,1,0,0,5.0,3.0,2.0,1.0,1.0,4.0,4.0,8.0,10.0,10.0,18.0,22.0,70.0,1,2,1,6.0,82.0,2,1,1.0,1,0,1,1,3.0,0,1,2,0,65.0,0,0,1,9.333333333333334
0,1,17.0,1,0,1,3.0,2.0,3,3,0,1,1.0,1.0,0.0,0,1,0,1,1,1,1,0,5.0,5.0,5.0,2.0,4.0,5.0,15.0,6.0,5.0,5.0,19.0,15.0,80.0,2,2,1,9.0,91.0,1,1,3.0,1,2,1,2,2.0,0,0,1,0,67.0,0,2,0,5.333333333333333
0,1,16.0,1,1,1,4.0,3.0,1,2,1,0,1.0,1.0,0.0,0,0,1,1,1,1,1,0,3.0,1.5,3.0,1.0,3.0,5.0,4.0,8.0,10.0,10.0,20.0,12.0,75.0,2,0,1,7.0,58.0,2,1,3.0,2,2,0,2,4.0,0,0,2,1,66.0,2,2,0,9.333333333333334
0,1,15.0,1,0,1,4.0,3.0,4,2,3,1,1.0,2.0,0.0,0,0,0,0,1,1,1,0,4.0,4.0,1.0,1.0,1.0,1.0,0.0,13.0,14.0,15.0,21.0,29.0,78.0,2,2,0,5.0,99.0,0,1,0.0,0,2,1,0,1.0,0,1,1,0,69.0,0,0,1,14.0
0,1,15.0,1,0,1,4.0,4.0,1,1,2,0,1.0,1.0,0.0,0,1,1,0,1,1,1,0,5.0,4.0,2.0,1.0,1.0,5.0,0.0,12.0,15.0,15.0,22.0,19.0,99.0,2,0,0,6.0,84.0,2,1,1.0,2,0,1,1,3.0,0,1,2,1,72.0,0,2,1,14.0
0,1,16.0,1,1,1,4.0,2.0,4,2,0,1,1.0,2.0,0.0,0,0,0,1,1,1,1,0,4.0,5.0,1.0,1.0,3.0,5.0,2.0,15.0,15.0,16.0,23.0,20.0,74.0,2,0,0,8.0,89.0,1,1,1.0,2,2,1,0,2.0,0,0,1,0,66.0,0,2,0,15.333333333333334
0,1,16.0,1,1,1,2.0,2.0,2,2,3,1,2.0,2.0,0.0,0,1,0,1,1,1,1,0,5.0,4.0,4.0,2.0,4.0,5.0,0.0,13.0,13.0,12.0,24.0,11.0,78.0,0,2,1,8.0,100.0,0,1,1.0,1,2,1,1,3.0,0,1,1,1,66.0,0,2,0,12.666666666666666
0,0,15.0,0,0,1,2.0,4.0,3,1,0,1,1.0,3.0,0.0,1,1,1,1,1,1,1,0,4.0,3.0,2.0,1.0,1.0,5.0,2.0,10.0,9.0,8.0,25.0,17.0,65.0,1,0,1,5.0,75.0,2,1,2.0,1,2,1,2,3.0,0,1,2,0,63.0,0,2,1,9.0
0,0,16.0,1,0,1,2.0,2.0,3,3,1,1,1.0,1.0,0.0,0,1,1,0,0,1,1,0,2.5,2.0,2.0,1.0,3.0,5.0,14.0,6.0,9.0,8.0,26.0,21.0,62.0,0,1,1,6.0,54.0,0,1,0.0,0,0,1,2,3.0,0,2,0,1,64.0,2,0,1,7.666666666666667
0,1,15.0,1,0,1,2.0,2.0,2,2,1,1,1.0,1.0,0.0,0,1,1,0,1,1,1,0,4.0,2.0,2.0,1.0,2.0,5.0,2.0,12.0,12.0,11.0,27.0,13.0,91.0,1,2,0,6.0,90.0,2,1,1.0,0,2,1,0,2.0,1,1,1,0,65.0,0,2,1,11.666666666666666
0,1,15.0,1,0,1,4.0,2.0,1,3,2,1,1.0,1.0,0.0,0,0,1,0,1,1,1,0,2.5,2.0,4.0,2.0,4.0,1.0,4.0,15.0,16.0,15.0,28.0,22.0,83.0,0,0,1,6.0,94.0,2,1,0.0,0,2,1,1,2.0,0,0,1,1,71.0,0,0,1,15.333333333333334
0,1,16.0,1,1,0,3.0,4.0,3,2,1,1,1.0,2.0,0.0,1,1,0,1,1,1,1,0,5.0,3.0,3.0,1.0,1.0,5.0,4.0,11.0,11.0,11.0,29.0,16.0,90.0,2,2,0,4.0,58.0,2,1,1.0,1,2,1,1,3.0,0,1,1,0,66.0,2,2,1,11.0
0,1,16.0,1,0,1,4.0,4.0,4,4,1,1,1.0,2.0,0.0,0,1,1,1,1,1,1,1,4.0,4.0,5.0,3.5,5.0,5.0,15.0,10.0,12.0,11.0,30.0,18.0,66.0,0,0,0,4.0,51.0,1,1,2.0,1,2,0,1,2.0,0,0,2,1,64.0,2,2,1,11.0
0,1,15.0,1,0,1,4.0,4.0,1,3,1,1,1.0,2.0,0.0,0,1,1,0,0,1,1,0,5.0,4.0,2.0,3.0,4.0,5.0,0.0,9.0,11.0,12.0,31.0,16.0,83.0,1,2,0,6.0,57.0,2,1,0.0,0,1,1,2,4.0,1,1,2,0,63.0,2,2,1,10.666666666666666
0,1,15.0,1,0,1,4.0,4.0,3,3,3,1,2.0,2.0,0.0,0,1,0,1,1,1,1,0,4.0,3.0,1.0,1.0,1.0,5.0,0.0,17.0,16.0,17.0,32.0,31.0,70.0,2,0,1,7.0,66.0,2,1,1.0,0,2,1,0,3.0,0,0,2,1,69.0,2,0,0,16.666666666666668
0,1,15.0,0,0,1,4.0,3.0,4,0,0,1,1.0,2.0,0.0,0,1,0,1,1,1,1,1,4.0,5.0,2.0,1.0,1.0,5.0,0.0,17.0,16.0,16.0,33.0,20.0,69.0,2,2,1,8.0,96.0,2,1,2.0,2,0,1,2,3.0,0,1,2,1,67.0,0,2,0,16.333333333333332
0,1,15.0,1,1,1,3.0,3.0,2,2,0,1,1.0,2.0,0.0,0,0,0,1,0,1,1,0,5.0,3.0,2.0,1.0,1.0,2.0,0.0,8.0,10.0,12.0,34.0,14.0,60.0,0,2,0,5.0,50.0,2,1,2.0,2,2,1,1,3.0,0,0,2,0,61.0,1,2,1,10.0
0,1,16.0,1,0,1,3.0,2.0,2,2,1,1,1.0,1.0,0.0,0,1,1,0,0,1,1,0,5.0,4.0,3.0,1.0,1.0,5.0,0.0,12.0,14.0,15.0,35.0,25.0,65.0,0,2,0,5.0,90.0,2,1,2.0,2,2,1,2,3.0,0,0,1,0,68.0,0,0,1,13.666666666666666
0,0,15.0,1,0,1,2.0,3.0,2,2,2,0,2.0,1.0,0.0,0,1,0,1,1,1,0,0,3.0,5.0,1.0,1.0,1.0,5.0,0.0,8.0,7.0,6.0,36.0,13.0,72.0,1,2,0,6.0,93.0,1,1,1.0,1,2,1,0,3.0,0,1,2,1,61.0,0,2,1,7.0
0,1,15.0,1,1,1,4.0,3.0,4,3,1,1,1.0,3.0,0.0,0,1,0,1,1,1,1,0,5.0,4.0,3.0,1.0,1.0,4.0,2.0,15.0,16.0,18.0,37.0,21.0,65.0,2,1,1,7.0,91.0,1,1,2.0,2,0,1,2,3.0,0,1,0,0,64.0,0,0,0,16.333333333333332
0,1,16.0,0,0,0,4.0,4.0,2,4,3,1,2.0,3.0,0.0,0,1,0,1,1,1,1,1,2.5,4.0,3.0,1.0,1.0,5.0,7.0,15.0,16.0,15.0,38.0,8.0,99.0,2,2,0,9.0,54.0,1,1,2.0,1,2,1,1,5.0,0,2,2,0,67.0,2,1,0,15.333333333333334
0,0,15.0,0,0,1,3.0,4.0,3,1,0,1,1.0,3.0,0.0,1,1,1,1,1,1,1,0,4.0,3.0,2.0,1.0,1.0,5.0,2.0,12.0,12.0,11.0,39.0,12.0,72.0,1,2,1,8.0,84.0,2,1,1.0,1,2,1,2,5.0,0,1,2,0,63.0,0,2,0,11.666666666666666
0,0,15.0,0,0,1,2.0,2.0,0,2,3,1,1.0,1.0,0.0,1,1,1,1,1,1,0,0,4.0,3.0,1.0,1.0,1.0,2.0,8.0,14.0,13.0,13.0,40.0,21.0,65.0,1,2,1,6.0,98.0,1,1,1.0,2,0,1,0,4.0,0,1,2,1,64.0,0,0,1,13.333333333333334
0,0,16.0,1,1,1,2.0,2.0,2,2,1,1,2.0,2.0,0.0,0,1,0,1,0,1,1,1,3.0,3.0,3.0,1.0,2.0,3.0,15.0,7.0,10.0,11.0,41.0,24.0,68.0,0,2,0,8.0,56.0,1,1,3.0,0,0,1,1,1.0,0,0,2,1,67.0,2,0,0,9.333333333333334
0,1,15.0,1,1,1,4.0,4.0,4,2,1,2,1.0,1.0,0.0,0,1,0,0,0,1,1,1,5.0,4.0,3.0,2.0,4.0,5.0,8.0,12.0,12.0,12.0,42.0,21.0,84.0,2,2,1,6.0,52.0,1,1,1.0,2,0,1,1,2.0,1,0,0,0,65.0,2,0,1,12.0
0,1,15.0,1,0,1,4.0,4.0,3,4,0,0,1.0,2.0,0.0,0,1,0,1,1,1,1,0,4.0,3.0,3.0,1.0,1.0,5.0,2.0,19.0,18.0,18.0,43.0,19.0,63.0,1,0,0,7.0,94.0,2,1,1.0,2,2,0,2,3.0,0,1,1,1,64.0,0,2,0,18.333333333333332
0,1,15.0,1,0,1,2.0,2.0,3,3,0,0,1.0,1.0,0.0,1,1,0,0,1,1,1,0,5.0,4.0,1.0,1.0,1.0,1.0,0.0,8.0,8.0,11.0,44.0,18.0,94.0,2,0,1,7.0,82.0,2,1,3.0,2,2,0,0,2.0,1,0,2,1,70.0,0,2,0,9.0
0,0,16.0,1,1,1,2.0,2.0,2,0,0,0,2.0,2.0,0.0,1,0,0,1,1,1,1,0,4.0,3.0,3.0,2.0,2.0,5.0,14.0,10.0,10.0,9.0,45.0,11.0,98.0,2,2,1,9.0,82.0,1,1,1.0,2,2,0,2,3.0,0,2,0,1,68.0,0,2,0,9.666666666666666
0,0,15.0,1,1,0,4.0,3.0,2,2,0,1,1.0,2.0,0.0,1,1,1,1,1,1,1,1,5.0,2.0,2.0,1.0,1.0,5.0,8.0,8.0,8.0,6.0,46.0,16.0,70.0,2,2,1,8.0,98.0,2,1,2.0,2,2,1,2,3.0,0,1,1,1,65.0,0,2,0,7.333333333333333
0,0,16.0,1,1,0,3.0,3.0,2,3,1,1,1.0,2.0,0.0,0,1,0,0,1,1,1,0,2.5,3.0,5.0,1.0,4.0,3.0,12.0,11.0,12.0,11.0,47.0,17.0,78.0,2,2,1,6.0,88.0,2,1,1.0,2,0,0,2,3.0,0,0,2,0,68.0,0,2,1,11.333333333333334
0,1,16.0,1,0,1,4.0,3.0,1,3,3,1,1.0,3.5,0.0,0,0,0,1,1,1,1,0,4.0,2.0,2.0,1.0,1.0,2.0,4.0,19.0,19.0,20.0,48.0,26.0,61.0,2,1,1,6.0,70.0,2,1,2.0,1,2,1,2,3.0,0,1,1,0,64.0,2,0,1,19.333333333333332
0,1,15.0,1,0,1,4.0,2.0,4,2,1,1,1.0,2.0,0.0,0,1,1,0,1,1,0,0,4.0,3.0,3.0,2.0,2.0,5.0,2.0,15.0,15.0,14.0,49.0,22.0,86.0,1,2,1,7.0,72.0,1,1,3.0,1,0,1,2,2.0,0,1,1,1,68.0,0,0,0,14.666666666666666
0,0,15.0,1,0,1,4.0,4.0,3,4,2,0,1.0,2.0,0.0,1,1,0,1,0,1,1,0,4.0,4.0,4.0,1.0,1.0,3.0,2.0,7.0,7.0,7.0,50.0,9.0,77.0,2,2,0,5.0,57.0,2,1,2.0,2,0,1,1,3.0,0,1,2,1,63.0,2,1,1,7.0
0,0,16.0,1,1,1,2.0,2.0,3,3,0,1,3.0,2.0,0.0,0,1,1,0,1,1,1,0,4.0,3.0,3.0,2.0,3.0,4.0,2.0,12.0,13.0,13.0,51.0,22.0,71.0,1,2,1,7.0,65.0,1,1,1.0,2,1,1,2,4.0,0,0,1,1,64.0,2,0,0,12.666666666666666
0,0,15.0,1,1,1,4.0,2.0,1,2,2,1,1.0,2.0,0.0,0,1,1,0,1,1,1,0,4.0,3.0,3.0,1.0,1.0,5.0,2.0,11.0,13.0,13.0,52.0,18.0,68.0,0,2,0,7.0,72.0,2,1,0.0,2,2,1,1,3.0,0,0,2,1,64.0,0,2,0,12.333333333333334
0,1,15.0,1,1,0,4.0,2.0,1,1,2,0,2.0,1.0,0.0,0,0,0,0,1,1,0,0,5.0,5.0,5.0,3.0,4.0,5.0,6.0,11.0,11.0,10.0,53.0,16.0,86.0,1,2,1,8.0,63.0,2,1,2.0,2,2,1,2,4.0,0,1,2,1,67.0,2,2,0,10.666666666666666
0,0,15.0,1,0,1,4.0,4.0,3,3,0,1,1.0,1.0,0.0,1,1,1,0,1,1,1,0,3.0,3.0,4.0,2.0,3.0,5.0,0.0,8.0,10.0,11.0,54.0,24.0,77.0,0,1,0,8.0,96.0,2,1,0.0,2,2,1,1,3.0,0,1,2,0,67.0,0,0,0,9.666666666666666
0,0,15.0,1,1,0,3.0,3.0,2,2,2,1,1.0,1.0,0.0,0,0,1,0,1,1,1,0,5.0,3.0,4.0,3.5,4.0,1.0,6.0,10.0,13.0,13.0,55.0,26.0,67.0,2,0,1,7.0,51.0,1,1,2.0,0,0,0,1,4.0,1,2,0,0,66.0,2,0,0,12.0
0,0,16.0,1,0,0,2.0,1.0,2,2,2,1,1.0,2.0,0.0,0,0,1,1,1,1,1,1,5.0,3.0,4.0,1.0,1.0,2.0,8.0,8.0,9.0,10.0,56.0,26.0,88.0,2,0,1,5.0,79.0,2,1,1.0,1,0,0,2,4.0,0,0,1,1,72.0,0,0,1,9.0
0,0,15.0,1,0,0,4.0,3.0,3,3,3,1,1.0,2.0,0.0,0,1,1,1,1,1,1,0,4.0,3.0,2.0,1.0,1.0,1.0,0.0,14.0,15.0,15.0,57.0,15.0,83.0,2,0,0,5.0,89.0,1,0,1.0,2,0,1,1,2.0,1,1,2,0,65.0,0,2,1,14.666666666666666
0,1,15.0,1,0,1,4.0,4.0,4,1,3,1,1.0,2.0,0.0,0,1,0,1,1,1,0,0,3.0,2.0,2.0,1.0,1.0,5.0,4.0,14.0,15.0,15.0,58.0,18.0,94.0,2,2,1,6.0,87.0,0,1,1.0,2,2,1,2,4.0,0,1,2,1,71.0,0,2,1,14.666666666666666
0,1,15.0,1,1,1,1.0,2.0,2,0,1,0,1.0,2.0,0.0,1,1,0,1,1,1,1,0,4.0,3.0,2.0,1.0,1.0,5.0,2.0,9.0,10.0,9.0,59.0,22.0,65.0,0,1,0,8.0,82.0,2,1,2.0,2,0,1,2,1.0,0,2,2,0,66.0,0,0,0,9.333333333333334
0,0,16.0,1,0,1,4.0,2.0,3,2,0,1,1.0,2.0,0.0,0,1,0,0,1,1,1,0,4.0,2.0,3.0,1.0,1.0,5.0,2.0,15.0,16.0,16.0,60.0,26.0,91.0,2,1,1,8.0,71.0,2,1,0.0,1,2,0,1,3.0,0,1,1,1,68.0,0,0,0,15.666666666666666
0,0,16.0,0,0,1,4.0,4.0,1,4,2,1,1.0,2.0,0.0,0,1,0,1,1,1,0,0,2.5,4.0,4.0,2.0,3.0,4.0,6.0,10.0,11.0,11.0,61.0,17.0,87.0,2,2,0,7.0,96.0,2,1,1.0,0,2,1,0,5.0,0,2,2,0,70.0,0,2,0,10.666666666666666
0,0,16.0,1,0,1,1.0,1.0,3,3,0,0,3.5,1.0,0.0,1,1,0,1,0,1,1,1,5.0,5.0,5.0,3.5,5.0,5.0,6.0,10.0,8.0,11.0,62.0,19.0,65.0,2,2,1,10.0,66.0,1,1,0.0,1,2,1,2,3.0,0,1,1,1,62.0,2,2,0,9.666666666666666
0,0,16.0,1,1,1,1.0,2.0,2,3,3,0,1.0,2.0,0.0,1,0,0,1,1,1,1,0,4.0,4.0,3.0,1.0,1.0,1.0,4.0,8.0,10.0,9.0,63.0,13.0,88.0,1,0,1,9.0,88.0,0,1,2.0,1,0,0,0,4.0,0,2,0,1,68.0,0,2,0,9.0
0,0,16.0,1,0,1,4.0,3.0,4,1,1,1,1.0,3.0,0.0,1,1,1,1,1,1,1,0,3.0,4.0,4.0,2.0,4.0,4.0,2.0,10.0,9.0,9.0,64.0,13.0,78.0,2,0,1,9.0,96.0,0,1,2.0,1,2,1,1,3.0,0,0,1,1,67.0,0,2,0,9.333333333333334
0,0,15.0,1,1,1,4.0,3.0,3,3,3,0,1.0,2.0,0.0,1,0,0,1,1,1,1,1,4.0,4.0,4.0,2.0,4.0,2.0,0.0,10.0,10.0,10.0,65.0,25.0,98.0,1,0,1,8.0,56.0,2,0,0.0,2,0,0,1,3.0,0,2,2,1,71.0,2,0,0,10.0
0,0,16.0,1,1,1,4.0,3.0,4,3,0,1,3.0,2.0,0.0,0,1,0,1,1,1,1,0,5.0,4.0,3.0,1.0,2.0,1.0,2.0,16.0,15.0,15.0,66.0,28.0,66.0,2,0,1,8.0,97.0,2,1,0.0,2,2,1,1,2.0,0,1,2,1,68.0,0,0,0,15.333333333333334
0,1,15.0,1,0,0,4.0,4.0,2,3,3,1,1.0,3.5,0.0,0,1,0,1,0,1,1,1,2.5,3.0,3.0,3.5,5.0,3.0,4.0,13.0,13.0,12.0,67.0,20.0,86.0,2,2,1,8.0,89.0,2,1,1.0,1,2,1,0,3.0,0,2,2,1,69.0,0,2,0,12.666666666666666
0,0,16.0,1,0,1,3.0,1.0,3,2,0,1,1.0,3.5,0.0,1,1,1,0,1,1,1,0,4.0,3.0,3.0,1.0,2.0,5.0,4.0,7.0,7.0,6.0,68.0,26.0,75.0,1,0,1,4.0,81.0,0,1,3.0,2,0,0,2,2.0,0,1,1,1,70.0,0,0,1,6.666666666666667
0,0,15.0,0,1,1,2.0,2.0,1,3,3,1,2.0,2.0,0.0,1,1,1,0,1,1,1,0,4.0,1.5,3.0,1.0,3.0,4.0,2.0,8.0,9.0,8.0,69.0,22.0,98.0,2,0,0,5.0,69.0,1,0,1.0,1,0,1,0,4.0,0,1,1,0,69.0,2,0,1,8.333333333333334
0,0,15.0,0,1,1,3.0,1.0,2,2,3,0,2.0,3.5,0.0,0,1,0,0,0,1,1,0,4.0,4.0,2.0,2.0,3.0,3.0,12.0,16.0,16.0,16.0,70.0,16.0,73.0,2,2,0,7.0,95.0,2,1,1.0,1,2,1,0,4.0,0,0,2,1,65.0,0,2,0,16.0
0,1,16.0,1,0,1,3.0,1.0,2,2,3,0,2.0,3.5,0.0,0,1,1,0,1,1,1,0,4.0,3.0,2.0,1.0,1.0,5.0,0.0,13.0,15.0,15.0,71.0,22.0,98.0,2,1,1,7.0,52.0,2,0,3.0,2,2,1,2,3.0,0,0,2,0,70.0,2,0,0,14.333333333333334
0,1,15.0,1,0,1,4.0,2.0,2,2,0,1,1.0,3.5,0.0,0,0,0,0,1,1,1,0,3.0,3.0,3.0,1.0,1.0,3.0,0.0,10.0,10.0,10.0,72.0,29.0,96.0,2,1,1,7.0,72.0,2,1,1.0,1,2,1,2,3.0,0,1,1,1,71.0,0,0,0,10.0
0,0,15.0,0,0,1,1.0,1.0,2,2,3,1,1.0,2.0,0.0,1,1,0,0,0,1,1,1,3.0,3.0,4.0,2.0,4.0,5.0,2.0,8.0,6.0,5.0,73.0,20.0,71.0,2,2,1,7.0,88.0,2,1,1.0,1,1,1,1,4.0,0,0,2,0,65.0,0,2,0,6.333333333333333
0,1,16.0,1,0,1,3.0,1.0,2,2,3,1,1.0,1.0,0.0,0,0,0,1,1,1,0,0,5.0,3.0,2.0,2.0,2.0,5.0,2.0,12.0,12.0,14.0,74.0,29.0,92.0,1,2,0,4.0,91.0,2,1,2.0,2,2,1,0,1.0,0,2,2,0,72.0,0,0,1,12.666666666666666
0,0,16.0,1,0,1,3.0,3.0,2,3,1,1,1.0,2.0,0.0,1,1,1,1,1,1,1,0,4.0,3.0,3.0,2.0,4.0,5.0,15.0,11.0,12.0,11.0,75.0,4.0,100.0,0,0,1,8.0,60.0,0,1,0.0,2,0,0,2,4.0,0,0,1,1,69.0,2,1,0,11.333333333333334
0,1,15.0,1,0,1,4.0,3.0,4,2,1,1,1.0,2.0,0.0,0,1,1,1,1,1,1,0,4.0,3.0,3.0,2.0,3.0,5.0,6.0,9.0,9.0,10.0,76.0,25.0,70.0,2,2,0,7.0,52.0,2,1,1.0,2,2,1,2,3.0,0,2,2,0,66.0,2,0,0,9.333333333333334
0,1,15.0,1,0,1,4.0,0.0,4,2,0,1,2.0,3.5,0.0,0,0,0,1,1,1,1,0,3.0,4.0,3.0,1.0,1.0,1.0,8.0,11.0,11.0,10.0,77.0,21.0,77.0,1,2,1,7.0,90.0,2,1,3.5,2,2,0,1,3.0,0,2,1,1,68.0,0,0,0,10.666666666666666
0,0,16.0,1,0,1,2.0,2.0,2,2,3,1,1.0,3.5,0.0,0,0,1,0,1,1,1,1,5.0,2.0,3.0,1.0,3.0,3.0,0.0,11.0,11.0,11.0,78.0,18.0,81.0,0,1,1,8.0,71.0,2,1,0.0,2,2,1,1,3.0,0,1,1,0,65.0,0,2,0,11.0
0,1,17.0,1,0,1,2.0,1.0,2,2,1,1,2.0,1.0,0.0,1,1,0,1,1,0,1,0,4.0,5.0,1.0,1.0,1.0,3.0,2.0,8.0,8.0,10.0,79.0,21.0,72.0,2,2,1,5.0,57.0,2,1,1.0,0,2,1,1,5.0,1,0,1,1,64.0,2,0,1,8.666666666666666
0,0,16.0,1,0,1,3.0,4.0,0,2,0,1,1.0,2.0,0.0,0,1,0,0,1,1,1,0,2.5,4.0,3.0,1.0,2.0,3.0,12.0,5.0,5.0,5.0,80.0,8.0,61.0,2,2,1,7.0,54.0,2,1,1.0,0,2,1,2,3.0,0,0,2,1,60.0,2,1,0,5.0
0,1,15.0,1,0,1,2.0,3.0,2,3,0,0,1.0,1.0,0.0,1,1,1,1,0,1,1,1,3.0,2.0,2.0,1.0,3.0,3.0,2.0,10.0,12.0,12.0,81.0,19.0,69.0,2,0,1,7.0,82.0,0,1,1.0,1,2,1,0,2.0,0,1,2,1,65.0,0,2,0,11.333333333333334
0,1,15.0,1,0,1,2.0,3.0,2,2,1,1,1.0,3.0,0.0,1,0,1,0,0,1,1,0,5.0,3.0,2.0,1.0,2.0,5.0,4.0,11.0,10.0,11.0,82.0,22.0,71.0,0,2,0,6.0,79.0,0,1,1.0,1,1,1,2,3.0,0,1,2,1,66.0,0,0,1,10.666666666666666
0,0,15.0,1,1,1,3.0,2.0,3,2,3,1,1.0,2.0,0.0,0,1,1,0,1,1,1,0,4.0,4.0,4.0,1.0,1.0,5.0,10.0,7.0,6.0,6.0,83.0,29.0,78.0,0,0,1,4.0,93.0,1,1,3.5,2,0,1,1,3.0,0,0,2,1,74.0,0,0,1,6.333333333333333
0,1,15.0,1,1,1,2.0,2.0,3,3,1,1,2.0,2.0,0.0,0,0,1,1,1,1,1,0,5.0,3.0,3.0,1.0,3.0,4.0,4.0,15.0,15.0,15.0,84.0,17.0,67.0,2,2,1,5.0,52.0,0,1,2.0,2,2,0,0,3.0,0,1,0,0,62.0,2,2,1,15.0
0,0,15.0,1,0,1,1.0,1.0,2,2,1,0,1.0,2.0,0.0,0,1,0,1,0,1,1,0,4.0,3.0,2.0,2.0,3.0,4.0,2.0,9.0,10.0,10.0,85.0,15.0,95.0,2,2,0,7.0,93.0,2,1,2.0,1,2,1,2,4.0,0,0,1,1,70.0,0,2,0,9.666666666666666
0,0,15.0,1,0,1,4.0,4.0,3,3,3,0,2.0,2.0,0.0,0,0,1,0,1,1,1,1,4.0,4.0,4.0,2.0,3.0,5.0,6.0,7.0,9.0,8.0,86.0,17.0,88.0,2,0,1,7.0,94.0,1,1,0.0,2,2,1,1,3.0,0,1,2,1,69.0,0,2,0,8.0
0,0,16.0,1,1,1,2.0,2.0,0,2,0,1,1.0,2.0,0.0,0,1,0,0,1,1,0,0,4.0,3.0,4.0,1.0,2.0,2.0,4.0,8.0,7.0,6.0,87.0,25.0,63.0,2,0,1,7.0,72.0,2,1,3.0,2,0,0,0,4.0,0,0,0,1,67.0,0,0,0,7.0
0,0,15.0,1,0,1,4.0,2.0,2,2,3,1,1.0,3.0,0.0,0,1,0,1,1,1,1,0,5.0,3.0,3.0,1.0,3.0,1.0,4.0,13.0,14.0,14.0,88.0,22.0,86.0,1,1,0,6.0,54.0,2,1,2.0,2,2,1,1,0.0,0,1,1,1,64.0,2,0,1,13.666666666666666
0,1,16.0,1,0,1,2.0,2.0,3,2,3,0,2.0,2.0,0.0,0,0,1,1,0,1,1,0,4.0,4.0,2.0,1.0,1.0,3.0,12.0,11.0,10.0,10.0,89.0,17.0,86.0,2,0,0,5.0,97.0,0,1,3.0,0,2,1,1,3.0,0,0,2,1,71.0,0,2,1,10.333333333333334
0,1,16.0,1,1,0,4.0,4.0,4,1,3,1,1.0,2.0,0.0,0,1,0,0,1,1,0,0,4.0,1.5,3.0,3.0,5.0,5.0,15.0,8.0,6.0,7.0,90.0,23.0,98.0,2,1,1,7.0,54.0,1,1,0.0,2,2,1,0,3.0,0,0,2,0,68.0,2,0,0,7.0
0,0,16.0,1,0,1,3.0,3.0,2,2,1,1,1.0,3.0,0.0,0,1,1,0,1,1,1,1,4.0,3.0,3.0,1.0,3.0,4.0,0.0,7.0,7.0,8.0,91.0,21.0,60.0,0,2,0,7.0,80.0,2,1,0.0,2,0,1,1,4.0,1,0,2,1,64.0,0,0,0,7.333333333333333
0,0,15.0,1,0,1,4.0,3.0,3,2,3,1,1.0,1.0,0.0,0,0,1,1,1,1,1,0,4.0,5.0,5.0,1.0,3.0,1.0,4.0,16.0,17.0,18.0,92.0,26.0,70.0,2,1,1,8.0,75.0,2,1,1.0,2,1,0,1,4.0,1,1,0,0,63.0,0,0,0,17.0
0,0,16.0,1,1,1,3.0,1.0,2,2,1,0,1.0,2.0,0.0,1,1,0,0,1,1,0,0,3.0,3.0,3.0,2.0,3.0,2.0,4.0,7.0,6.0,6.0,93.0,16.0,97.0,2,2,1,6.0,92.0,1,1,0.0,0,2,0,2,4.0,0,0,2,1,71.0,0,2,1,6.333333333333333
0,0,16.0,1,0,1,4.0,2.0,4,3,1,1,2.0,2.0,0.0,0,1,1,1,1,1,1,0,5.0,3.0,3.0,1.0,1.0,1.0,0.0,11.0,10.0,10.0,94.0,18.0,97.0,0,2,1,4.0,75.0,1,1,0.0,1,2,1,2,3.0,0,1,1,1,69.0,0,2,1,10.333333333333334
0,1,15.0,1,1,1,2.0,2.0,3,1,3,1,1.0,3.5,0.0,0,1,0,1,1,1,1,0,4.0,3.0,4.0,1.0,1.0,4.0,6.0,11.0,13.0,14.0,95.0,18.0,89.0,0,2,1,4.0,73.0,2,1,3.0,0,2,0,2,2.0,0,0,2,0,75.0,0,2,1,12.666666666666666
0,0,15.0,0,0,1,1.0,1.0,0,2,1,1,2.0,3.5,0.0,1,1,1,1,1,1,1,0,3.0,1.5,2.0,1.0,1.0,1.0,2.0,7.0,10.0,10.0,96.0,11.0,91.0,2,2,0,6.0,94.0,2,1,3.0,2,2,1,1,3.0,0,0,1,1,68.0,0,2,1,9.0
0,1,16.0,0,0,1,4.0,3.0,3,2,3,1,2.0,1.0,0.0,1,1,0,1,0,1,1,0,3.0,3.0,3.0,1.0,1.0,4.0,2.0,11.0,15.0,15.0,97.0,22.0,64.0,1,2,0,7.0,98.0,1,0,1.0,2,2,1,0,3.0,0,1,2,1,62.0,0,0,0,13.666666666666666
0,0,16.0,1,0,1,2.0,1.0,2,2,0,1,1.0,2.0,0.0,0,1,1,0,1,1,0,1,4.0,3.0,5.0,1.0,1.0,5.0,2.0,8.0,9.0,10.0,98.0,22.0,81.0,2,2,1,7.0,77.0,1,1,2.0,2,2,1,2,3.0,0,2,0,0,68.0,0,0,0,9.0
0,0,16.0,1,0,1,4.0,4.0,2,2,3,1,1.0,1.0,0.0,0,0,0,1,0,1,1,0,5.0,3.0,4.0,1.0,2.0,1.0,6.0,11.0,14.0,14.0,99.0,20.0,69.0,0,0,1,6.0,73.0,2,1,2.0,1,2,0,2,3.0,0,1,0,1,66.0,0,2,1,13.0
0,0,16.0,1,0,1,4.0,3.0,2,0,0,1,1.0,3.0,0.0,1,1,1,0,1,1,1,0,5.0,3.0,5.0,1.0,1.0,3.0,0.0,7.0,9.0,8.0,100.0,19.0,67.0,1,2,0,5.0,92.0,0,1,0.0,2,2,1,2,3.0,0,0,2,1,64.0,0,2,1,8.0
0,1,16.0,1,0,1,4.0,4.0,3,3,2,1,1.0,1.0,0.0,1,1,1,1,1,1,1,0,4.0,5.0,5.0,3.5,5.0,4.0,14.0,7.0,7.0,5.0,101.0,12.0,92.0,2,2,0,4.0,92.0,0,1,2.0,2,0,1,1,3.0,1,1,1,1,67.0,0,2,1,6.333333333333333
0,1,16.0,1,0,1,4.0,4.0,3,4,2,0,1.0,3.0,0.0,0,1,0,1,1,1,1,1,4.0,4.0,3.0,1.0,1.0,4.0,0.0,16.0,17.0,17.0,102.0,17.0,65.0,2,0,1,8.0,66.0,2,1,1.0,0,0,1,1,4.0,1,2,1,0,65.0,2,2,0,16.666666666666668
0,1,15.0,1,0,1,4.0,4.0,3,2,0,1,1.0,1.0,0.0,0,1,0,1,0,1,1,0,5.0,3.0,3.0,1.0,1.0,5.0,4.0,10.0,13.0,14.0,103.0,18.0,79.0,2,2,1,7.0,79.0,2,1,0.0,1,0,0,1,3.0,0,0,0,1,65.0,0,2,0,12.333333333333334
0,0,15.0,1,0,1,3.0,2.0,3,2,1,1,2.0,2.0,0.0,1,1,1,0,1,1,1,0,4.0,3.0,5.0,1.0,1.0,2.0,15.0,7.0,6.0,6.0,104.0,15.0,98.0,0,2,0,6.0,58.0,0,1,0.0,1,0,1,2,3.0,0,0,2,1,69.0,2,2,1,6.333333333333333
0,1,15.0,1,0,0,3.0,4.0,3,2,0,1,1.0,2.0,0.0,0,1,1,1,1,1,1,0,5.0,4.0,4.0,1.0,1.0,1.0,0.0,16.0,18.0,18.0,105.0,19.0,67.0,2,2,0,5.0,82.0,0,1,1.0,1,1,0,0,3.0,0,1,2,1,63.0,0,2,1,17.333333333333332
0,0,15.0,1,0,0,3.0,3.0,2,1,3,0,1.0,3.5,0.0,1,0,0,0,1,1,0,0,4.0,3.0,3.0,1.0,1.0,4.0,10.0,10.0,11.0,11.0,106.0,22.0,99.0,2,1,1,6.0,92.0,1,1,3.0,2,2,1,0,4.0,0,2,1,1,72.0,0,0,1,10.666666666666666
0,0,15.0,1,0,1,2.0,2.0,2,2,0,1,1.0,3.5,0.0,1,1,1,0,1,1,1,0,5.0,1.5,2.0,1.0,1.0,3.0,8.0,7.0,8.0,8.0,107.0,31.0,100.0,2,2,0,7.0,59.0,2,1,2.0,0,0,1,2,5.0,0,2,1,1,75.0,2,0,0,7.666666666666667
0,1,16.0,1,0,1,3.0,3.0,3,2,1,0,1.0,3.0,0.0,0,1,0,1,1,1,1,0,5.0,3.0,3.0,1.0,1.0,5.0,2.0,16.0,18.0,18.0,108.0,21.0,82.0,2,0,1,7.0,66.0,0,1,3.0,1,2,1,2,3.0,1,0,2,0,69.0,2,0,0,17.333333333333332
0,1,15.0,0,0,1,4.0,4.0,2,2,1,0,3.5,3.5,0.0,0,1,1,1,1,1,1,1,2.5,3.0,5.0,3.0,5.0,1.0,6.0,10.0,13.0,13.0,109.0,22.0,67.0,2,2,1,7.0,72.0,0,1,3.0,1,0,1,2,2.0,0,2,1,0,67.0,0,0,0,12.0
0,0,16.0,1,1,1,4.0,4.0,1,1,2,1,1.0,3.0,0.0,0,1,1,1,1,1,1,1,5.0,4.0,5.0,1.0,1.0,4.0,4.0,14.0,15.0,16.0,110.0,20.0,73.0,0,2,1,9.0,92.0,2,1,2.0,2,0,1,2,3.0,0,0,2,1,69.0,0,2,0,15.0
0,1,15.0,1,1,0,4.0,4.0,4,4,0,1,1.0,1.0,0.0,0,0,0,1,1,1,1,0,5.0,5.0,3.0,1.0,1.0,4.0,6.0,18.0,19.0,19.0,111.0,8.0,77.0,0,2,1,6.0,87.0,2,1,0.0,1,2,1,1,2.0,0,1,1,1,63.0,0,1,1,18.666666666666668
0,0,16.0,0,0,1,3.0,3.0,3,2,3,0,1.0,3.0,0.0,1,1,0,1,1,1,1,0,4.0,1.5,2.0,1.0,1.0,2.0,0.0,7.0,10.0,10.0,112.0,20.0,72.0,2,2,0,9.0,66.0,2,1,3.0,1,0,0,2,3.0,0,2,2,1,67.0,2,2,0,9.0
0,0,16.0,1,0,1,2.0,2.0,0,2,1,1,1.0,2.0,0.0,1,0,0,1,1,1,1,0,3.0,1.5,2.0,1.0,1.0,5.0,6.0,10.0,13.0,13.0,113.0,20.0,71.0,1,0,1,7.0,62.0,0,1,2.0,2,2,1,0,5.0,0,0,2,1,66.0,2,2,0,12.0
0,1,15.0,1,1,1,4.0,2.0,4,2,0,1,1.0,1.0,0.0,0,0,0,0,1,1,1,0,3.0,5.0,2.0,1.0,1.0,3.0,10.0,18.0,19.0,19.0,114.0,35.0,99.0,0,0,1,7.0,85.0,1,1,2.0,2,0,0,1,2.0,0,2,2,0,75.0,0,0,0,18.666666666666668
0,1,15.0,0,0,1,2.0,1.0,1,3,3,1,1.0,2.0,0.0,0,0,0,1,1,1,1,1,5.0,4.0,2.0,1.0,1.0,5.0,8.0,9.0,9.0,9.0,115.0,19.0,66.0,2,2,0,8.0,74.0,2,1,1.0,0,2,1,1,3.0,0,1,2,0,64.0,0,2,0,9.0
0,1,16.0,1,0,1,4.0,4.0,4,4,0,0,1.0,2.0,0.0,0,1,0,1,1,1,1,0,5.0,4.0,4.0,1.0,2.0,5.0,2.0,15.0,15.0,16.0,116.0,22.0,89.0,0,0,1,6.0,80.0,2,1,1.0,0,0,1,2,3.0,0,1,2,0,73.0,0,0,1,15.333333333333334
0,1,15.0,1,0,1,4.0,4.0,2,4,3,0,2.0,2.0,0.0,0,1,0,1,1,1,0,0,4.0,4.0,3.0,1.0,1.0,2.0,2.0,11.0,13.0,14.0,117.0,20.0,60.0,1,0,0,7.0,82.0,0,1,2.0,1,0,1,2,4.0,1,1,2,1,63.0,0,2,0,12.666666666666666
0,1,16.0,1,0,1,3.0,3.0,2,3,1,0,2.0,1.0,0.0,0,0,0,1,1,1,1,0,5.0,4.0,2.0,1.0,1.0,5.0,0.0,13.0,14.0,13.0,118.0,13.0,84.0,2,2,0,5.0,78.0,2,1,1.0,1,0,1,2,2.0,0,1,2,1,65.0,0,2,1,13.333333333333334
0,1,17.0,0,0,1,1.0,3.0,2,2,0,0,3.0,2.0,0.0,0,1,0,1,1,1,1,0,5.0,2.0,4.0,1.0,4.0,5.0,15.0,9.0,7.0,8.0,119.0,27.0,97.0,1,0,1,8.0,81.0,2,1,0.0,0,2,1,2,5.0,0,1,2,0,73.0,0,0,0,8.0
0,1,15.0,1,0,1,3.0,4.0,2,2,3,0,1.0,1.0,0.0,0,0,0,0,1,1,1,0,3.0,4.0,3.0,1.0,2.0,4.0,6.0,14.0,13.0,13.0,120.0,25.0,72.0,0,0,1,8.0,94.0,1,1,2.0,1,2,0,2,4.0,0,0,1,0,70.0,0,0,0,13.333333333333334
0,0,15.0,1,0,1,1.0,2.0,0,3,0,1,1.0,2.0,0.0,0,0,0,0,0,1,1,0,3.0,2.0,3.0,1.0,2.0,1.0,2.0,16.0,15.0,15.0,121.0,25.0,67.0,0,2,0,9.0,93.0,0,1,2.0,1,0,1,2,3.0,1,1,2,0,68.0,0,0,0,15.333333333333334
0,1,15.0,1,0,1,2.0,2.0,3,3,1,0,1.0,3.5,0.0,0,1,1,1,1,1,1,0,5.0,5.0,4.0,1.0,2.0,5.0,6.0,16.0,14.0,15.0,122.0,15.0,86.0,2,2,1,7.0,57.0,2,1,1.0,2,2,1,0,3.0,0,0,2,1,65.0,2,2,0,15.0
0,0,16.0,1,1,1,2.0,4.0,2,1,0,0,2.0,2.0,0.0,0,1,1,1,1,1,1,1,4.0,2.0,2.0,1.0,2.0,5.0,2.0,13.0,13.0,13.0,123.0,28.0,89.0,1,0,1,9.0,79.0,0,1,0.0,1,2,0,2,1.0,0,0,1,0,71.0,0,0,0,13.0
0,1,16.0,1,0,1,4.0,4.0,1,2,0,1,1.0,1.0,0.0,0,1,0,1,1,1,1,0,3.0,4.0,4.0,1.0,4.0,5.0,15.0,14.0,11.0,13.0,124.0,12.0,88.0,1,2,0,6.0,72.0,1,1,2.0,2,2,1,2,2.0,0,0,0,1,64.0,0,2,1,12.666666666666666
0,0,16.0,1,0,1,2.0,2.0,2,2,1,1,1.0,2.0,0.0,0,0,1,0,1,1,1,1,5.0,4.0,4.0,1.0,1.0,5.0,0.0,8.0,7.0,8.0,125.0,24.0,73.0,2,0,1,8.0,64.0,2,1,3.5,0,2,0,1,3.0,1,0,1,1,68.0,2,0,0,7.666666666666667
0,1,15.0,1,0,1,3.0,4.0,3,3,1,0,1.0,1.0,0.0,1,0,0,0,1,1,1,0,5.0,5.0,5.0,3.0,2.0,5.0,0.0,13.0,13.0,12.0,126.0,33.0,70.0,2,2,1,6.0,82.0,1,1,1.0,1,0,1,1,4.0,0,0,2,1,69.0,0,0,1,12.666666666666666
0,0,15.0,1,1,0,3.0,4.0,2,2,1,1,1.0,2.0,0.0,1,0,0,1,1,1,1,1,5.0,3.0,2.0,1.0,1.0,1.0,0.0,7.0,10.0,11.0,127.0,14.0,98.0,2,2,0,7.0,76.0,2,1,0.0,2,0,0,2,4.0,0,0,1,0,69.0,0,2,0,9.333333333333334
0,0,19.0,1,0,1,0.0,1.0,0,2,0,2,1.0,2.0,0.0,0,1,0,0,0,0,0,0,3.0,4.0,2.0,1.0,1.0,5.0,2.0,7.0,8.0,9.0,128.0,17.0,97.0,2,2,0,8.0,89.0,2,1,1.0,1,2,1,1,4.0,0,1,0,1,69.0,0,2,0,8.0
0,1,18.0,0,0,1,2.0,2.0,3,2,3,1,1.0,1.0,0.0,0,1,0,1,1,1,1,0,3.0,3.0,3.0,1.0,2.0,4.0,0.0,7.0,4.0,4.0,129.0,21.0,78.0,2,2,1,10.0,55.0,2,1,1.0,0,1,0,2,2.0,0,0,2,1,67.0,2,0,0,5.0
0,1,16.0,0,0,1,4.0,4.0,4,4,0,1,1.0,1.0,0.0,0,0,1,1,1,1,1,0,3.0,5.0,5.0,2.0,5.0,4.0,8.0,18.0,18.0,18.0,130.0,17.0,94.0,1,2,1,8.0,65.0,1,1,3.5,2,2,1,1,6.0,0,1,0,0,68.0,2,2,0,18.0
0,0,15.0,0,0,1,3.0,4.0,3,4,0,0,2.0,3.0,0.0,0,1,0,0,1,1,1,1,4.0,2.0,2.0,2.0,2.0,5.0,0.0,12.0,3.0,4.0,131.0,11.0,78.0,2,0,1,8.0,51.0,2,1,2.0,1,2,1,1,3.0,0,2,2,1,64.0,2,2,0,6.333333333333333
0,0,15.0,1,0,1,1.0,1.0,0,2,0,1,3.0,1.0,0.0,0,1,0,1,0,1,1,1,4.0,3.0,3.0,1.0,2.0,4.0,0.0,8.0,3.0,4.0,132.0,20.0,77.0,2,2,0,6.0,87.0,1,1,0.0,1,0,1,2,4.0,0,1,2,0,66.0,0,2,1,5.0
0,0,17.0,1,1,1,2.0,2.0,2,2,0,0,1.0,1.0,0.0,0,1,0,0,1,1,1,1,3.0,4.0,4.0,1.0,3.0,5.0,12.0,10.0,13.0,12.0,133.0,14.0,66.0,0,1,0,7.0,96.0,2,1,3.0,1,0,1,0,3.0,0,1,2,1,63.0,0,2,0,11.666666666666666
0,0,16.0,1,0,0,3.0,4.0,3,2,0,0,1.0,1.0,0.0,0,0,0,0,1,1,1,0,3.0,2.0,1.0,1.0,4.0,5.0,15.0,12.0,11.0,11.0,134.0,23.0,77.0,2,2,1,7.0,79.0,2,1,0.0,1,0,1,1,2.0,0,1,1,1,66.0,0,0,0,11.333333333333334
0,1,15.0,0,0,1,3.0,4.0,0,4,0,1,3.5,2.0,0.0,0,1,0,0,1,1,0,1,5.0,3.0,3.0,1.0,1.0,5.0,0.0,9.0,3.0,4.0,135.0,14.0,81.0,2,2,0,9.0,81.0,2,1,1.0,1,0,0,0,3.0,0,2,2,0,66.0,0,2,0,5.333333333333333
0,0,15.0,1,0,1,4.0,4.0,3,0,0,1,1.0,3.0,0.0,0,1,0,1,1,1,1,1,4.0,3.0,3.0,1.0,1.0,5.0,0.0,11.0,3.0,4.0,136.0,29.0,61.0,2,0,1,7.0,52.0,1,1,3.0,1,2,0,2,3.0,0,0,2,0,67.0,2,0,0,6.0
0,1,17.0,0,0,1,3.0,4.0,0,2,0,1,3.0,2.0,0.0,0,0,0,0,1,1,0,0,5.0,4.0,5.0,2.0,4.0,5.0,0.0,10.0,3.0,4.0,137.0,15.0,78.0,0,0,0,9.0,75.0,1,1,1.0,1,2,1,0,1.0,0,1,2,1,65.0,0,2,0,5.666666666666667
0,0,16.0,1,0,0,3.0,3.0,2,2,0,2,2.0,1.0,0.0,0,1,0,1,0,1,1,1,4.0,3.0,2.0,1.0,1.0,5.0,0.0,4.0,3.0,4.0,138.0,18.0,91.0,1,2,1,5.0,76.0,2,1,1.0,2,2,1,1,3.0,0,1,2,0,68.0,0,2,1,3.6666666666666665
0,1,16.0,1,1,1,1.0,1.0,3,2,0,1,1.0,2.0,0.0,0,0,0,0,1,1,0,1,4.0,4.0,4.0,1.0,3.0,5.0,0.0,14.0,12.0,12.0,139.0,25.0,87.0,2,1,0,9.0,52.0,0,1,1.0,1,0,0,2,2.0,0,1,2,1,68.0,2,0,0,12.666666666666666
0,0,15.0,1,0,1,4.0,4.0,4,4,0,1,2.0,1.0,0.0,0,0,0,1,1,1,1,0,4.0,3.0,2.0,1.0,1.0,5.0,0.0,16.0,16.0,15.0,140.0,13.0,85.0,0,2,0,6.0,89.0,2,1,0.0,0,2,0,1,1.0,1,1,2,1,65.0,0,2,1,15.666666666666666
0,1,15.0,1,0,1,4.0,3.0,4,3,0,0,2.0,3.5,0.0,1,1,0,0,1,1,1,0,2.5,2.0,2.0,1.0,1.0,3.0,0.0,7.0,9.0,4.0,141.0,21.0,96.0,2,2,0,8.0,64.0,0,1,2.0,2,0,1,1,0.0,0,0,2,1,71.0,2,0,0,6.666666666666667
0,1,16.0,1,1,1,2.0,2.0,3,3,3,0,2.0,1.0,0.0,0,1,0,1,1,1,1,0,2.5,3.0,3.0,2.0,2.0,2.0,8.0,9.0,9.0,9.0,142.0,28.0,61.0,2,0,0,6.0,86.0,0,1,1.0,1,2,0,0,3.0,1,2,0,1,65.0,0,0,1,9.0
0,0,15.0,1,0,1,4.0,4.0,4,3,0,1,1.0,3.0,0.0,0,1,1,1,1,1,1,0,4.0,2.0,2.0,1.0,1.0,5.0,2.0,9.0,11.0,11.0,143.0,10.0,82.0,2,1,0,8.0,70.0,2,1,3.0,1,0,1,2,1.0,1,2,2,0,64.0,2,1,0,10.333333333333334
0,0,16.0,1,1,1,1.0,1.0,0,0,0,1,1.0,1.0,0.0,0,0,0,0,1,1,1,0,3.0,4.0,4.0,3.0,3.0,1.0,2.0,14.0,14.0,13.0,144.0,21.0,91.0,0,2,0,6.0,100.0,2,1,0.0,0,2,0,1,2.0,0,2,2,0,72.0,0,0,1,13.666666666666666
0,1,17.0,1,0,1,2.0,1.0,2,2,1,1,1.0,1.0,0.0,0,1,0,0,1,1,1,0,5.0,4.0,5.0,1.0,2.0,5.0,0.0,5.0,3.0,4.0,145.0,22.0,82.0,2,2,0,9.0,61.0,2,1,2.0,1,2,1,0,2.0,1,1,2,0,65.0,2,0,0,4.0
0,0,15.0,1,0,1,1.0,1.0,2,3,0,0,1.0,2.0,0.0,0,1,1,0,1,1,1,0,4.0,4.0,2.0,1.0,2.0,5.0,0.0,8.0,11.0,11.0,146.0,25.0,73.0,2,0,0,8.0,53.0,0,0,0.0,1,0,0,0,5.0,0,2,2,0,66.0,2,0,0,10.0
0,0,15.0,1,0,1,3.0,2.0,1,3,1,0,1.0,2.0,0.0,0,1,0,0,1,1,1,0,3.0,3.0,2.0,1.0,1.0,3.0,0.0,6.0,7.0,4.0,147.0,13.0,65.0,1,0,0,6.0,99.0,2,1,0.0,1,2,0,0,4.0,0,1,2,1,61.0,0,2,1,5.666666666666667
0,0,15.0,1,0,1,1.0,2.0,0,2,0,1,1.0,2.0,0.0,0,1,1,0,0,1,1,0,4.0,3.0,2.0,1.0,1.0,5.0,2.0,10.0,11.0,11.0,148.0,12.0,96.0,1,0,1,8.0,62.0,2,1,2.0,2,0,1,0,3.0,0,0,2,0,68.0,2,2,0,10.666666666666666
0,1,16.0,1,0,1,4.0,4.0,4,4,0,1,1.0,1.0,0.0,0,1,0,0,1,0,1,1,3.0,3.0,2.0,2.0,1.0,5.0,0.0,7.0,6.0,4.0,149.0,23.0,79.0,0,0,1,8.0,82.0,1,1,3.0,2,2,1,0,3.0,1,2,1,0,69.0,0,0,0,5.666666666666667
0,1,15.0,1,1,0,2.0,1.0,3,2,0,1,3.5,1.0,0.0,0,0,0,0,1,1,1,0,4.0,5.0,5.0,2.0,5.0,5.0,0.0,8.0,9.0,10.0,150.0,22.0,95.0,2,0,1,6.0,69.0,2,1,1.0,1,2,1,2,3.0,0,0,2,0,72.0,2,0,1,9.0
0,1,18.0,1,1,1,1.0,1.0,2,2,0,1,1.0,1.0,0.0,0,0,0,0,1,0,1,1,2.5,3.0,5.0,2.0,5.0,4.0,0.0,6.0,5.0,4.0,151.0,22.0,83.0,2,0,1,5.0,82.0,2,1,2.0,1,0,1,2,3.0,0,2,2,0,71.0,0,0,1,5.0
0,1,16.0,1,1,1,2.0,1.0,0,2,0,1,1.0,1.0,0.0,0,0,0,1,1,1,0,1,4.0,4.0,4.0,3.0,5.0,5.0,6.0,12.0,13.0,14.0,152.0,22.0,87.0,0,0,0,5.0,80.0,1,1,2.0,1,0,1,0,3.0,0,1,2,0,70.0,0,0,1,13.0
0,0,15.0,0,0,1,3.0,3.0,3,3,3,2,2.0,3.0,0.0,0,1,1,1,1,1,1,1,4.0,2.0,1.0,2.0,3.0,3.0,8.0,10.0,10.0,10.0,153.0,16.0,92.0,2,0,1,5.0,85.0,1,1,1.0,1,2,1,1,2.0,0,1,1,1,68.0,0,2,1,10.0
0,1,19.0,1,0,1,3.0,2.0,3,0,1,1,1.0,1.0,0.0,0,1,0,0,1,0,1,1,4.0,5.0,4.0,1.0,1.0,4.0,0.0,5.0,3.0,4.0,154.0,21.0,86.0,1,2,1,5.0,51.0,2,1,2.0,1,0,1,2,2.0,0,1,1,0,67.0,2,0,1,4.0
0,0,17.0,1,0,1,4.0,4.0,2,4,0,1,1.0,1.0,0.0,1,1,0,0,1,1,0,1,4.0,2.0,1.0,1.0,1.0,4.0,0.0,11.0,11.0,12.0,155.0,22.0,76.0,2,2,1,8.0,92.0,2,1,1.0,1,0,1,1,4.0,0,1,2,0,68.0,0,0,0,11.333333333333334
0,1,15.0,0,0,1,2.0,3.0,0,3,0,1,1.0,2.0,0.0,1,0,1,1,1,1,0,0,4.0,4.0,4.0,1.0,1.0,1.0,2.0,11.0,8.0,8.0,156.0,16.0,81.0,2,2,1,8.0,74.0,2,1,3.0,2,2,1,2,2.0,0,2,2,0,68.0,0,2,0,9.0
0,1,17.0,0,1,1,1.0,2.0,2,2,3,1,1.0,1.0,0.0,0,0,0,0,1,1,0,0,2.5,2.0,2.0,3.0,3.0,5.0,8.0,16.0,12.0,13.0,157.0,31.0,92.0,2,2,1,4.0,76.0,2,1,2.0,2,0,1,2,4.0,1,1,0,1,72.0,0,0,1,13.666666666666666
0,0,18.0,0,0,1,1.0,1.0,0,2,0,1,3.0,1.0,0.0,0,1,0,1,0,1,0,0,5.0,2.0,5.0,1.0,5.0,4.0,6.0,9.0,8.0,10.0,158.0,23.0,75.0,1,0,0,6.0,71.0,1,1,0.0,2,2,1,1,2.0,0,0,2,1,65.0,0,0,1,9.0
0,1,16.0,0,0,1,2.0,2.0,0,2,0,1,3.0,1.0,0.0,0,0,0,0,0,1,0,0,4.0,2.0,2.0,1.0,2.0,3.0,2.0,17.0,15.0,15.0,159.0,13.0,76.0,2,0,0,5.0,99.0,1,1,2.0,2,2,0,2,4.0,0,1,2,0,66.0,0,2,1,15.666666666666666
0,1,16.0,1,0,1,3.0,3.0,2,3,0,0,1.0,2.0,0.0,0,1,1,0,1,1,1,1,4.0,5.0,5.0,3.5,4.0,5.0,4.0,10.0,12.0,12.0,160.0,24.0,64.0,2,2,1,8.0,90.0,0,1,0.0,1,0,1,0,3.0,0,1,2,1,65.0,0,0,0,11.333333333333334
0,1,17.0,0,1,1,2.0,1.0,0,2,0,1,2.0,1.0,0.0,0,0,0,1,1,0,1,1,3.0,3.0,2.0,2.0,2.0,5.0,0.0,7.0,6.0,4.0,161.0,14.0,97.0,2,2,1,6.0,66.0,2,1,2.0,2,2,1,0,3.0,1,0,2,0,67.0,2,2,1,5.666666666666667
0,1,15.0,0,0,1,3.0,2.0,2,2,0,1,2.0,2.0,0.0,1,1,0,0,1,1,1,1,4.0,4.0,4.0,1.0,4.0,3.0,6.0,5.0,9.0,7.0,162.0,25.0,64.0,2,0,0,5.0,89.0,1,1,2.0,2,2,1,1,4.0,0,0,0,1,66.0,0,0,1,7.0
0,1,16.0,1,1,1,1.0,2.0,2,2,0,1,2.0,1.0,0.0,0,0,0,1,1,1,0,0,4.0,4.0,4.0,2.0,4.0,5.0,0.0,7.0,3.0,4.0,163.0,27.0,86.0,2,2,0,7.0,72.0,1,1,1.0,2,0,1,2,4.0,0,1,0,1,69.0,0,0,0,4.666666666666667
0,1,17.0,1,0,1,1.0,3.0,0,3,0,0,1.0,1.0,0.0,0,0,0,0,1,0,1,0,5.0,3.0,3.0,1.0,4.0,2.0,2.0,10.0,10.0,10.0,164.0,15.0,77.0,2,2,1,8.0,94.0,1,1,0.0,0,0,1,2,3.0,0,0,1,1,66.0,0,2,0,10.0
0,1,17.0,0,1,1,1.0,1.0,2,3,0,1,3.5,2.0,0.0,0,0,0,1,1,0,0,1,5.0,3.0,5.0,1.0,5.0,5.0,0.0,5.0,8.0,7.0,165.0,26.0,76.0,2,0,1,6.0,52.0,2,1,3.5,0,1,1,1,3.0,0,1,2,1,69.0,2,0,1,6.666666666666667
0,1,16.0,1,0,1,3.0,2.0,3,3,0,1,2.0,1.0,0.0,0,1,0,1,0,0,0,0,4.0,5.0,2.0,1.0,1.0,2.0,15.0,12.0,11.0,12.0,166.0,22.0,87.0,0,1,1,7.0,68.0,2,0,0.0,1,2,1,1,2.0,0,1,2,1,67.0,2,0,0,11.666666666666666
0,1,16.0,1,0,1,2.0,2.0,2,2,0,0,1.0,2.0,0.0,0,0,0,0,1,0,1,0,4.0,3.0,5.0,2.0,4.0,4.0,4.0,10.0,10.0,10.0,167.0,25.0,63.0,0,2,1,6.0,71.0,2,1,1.0,2,1,0,2,3.0,0,1,2,1,66.0,0,0,1,10.0
0,0,16.0,1,0,1,4.0,2.0,1,3,1,0,1.0,2.0,0.0,0,0,1,0,1,1,1,1,4.0,2.0,3.0,1.0,1.0,3.0,0.0,14.0,15.0,16.0,168.0,31.0,84.0,2,2,1,9.0,87.0,2,1,2.0,1,2,0,1,3.0,0,0,0,1,71.0,0,0,0,15.0
0,0,16.0,1,0,1,2.0,2.0,2,2,1,1,1.0,2.0,0.0,0,1,1,0,0,1,1,0,5.0,1.5,5.0,1.0,1.0,4.0,0.0,6.0,7.0,4.0,169.0,19.0,91.0,0,1,0,6.0,59.0,2,1,3.5,2,0,1,1,4.0,0,0,1,1,70.0,2,2,1,5.666666666666667
0,0,16.0,1,0,1,4.0,4.0,1,1,3,1,1.0,2.0,0.0,0,1,1,0,1,1,1,1,4.0,4.0,2.0,1.0,1.0,3.0,0.0,14.0,14.0,14.0,170.0,15.0,93.0,0,2,0,6.0,64.0,2,1,2.0,2,0,1,2,4.0,0,2,2,1,71.0,2,2,1,14.0
0,1,16.0,1,0,1,3.0,4.0,2,2,0,0,3.0,1.0,0.0,0,1,0,1,0,1,1,0,3.0,4.0,5.0,2.0,4.0,2.0,0.0,6.0,5.0,4.0,171.0,15.0,67.0,2,2,1,7.0,86.0,0,1,1.0,0,2,0,2,3.0,0,2,2,1,66.0,0,2,0,5.0
0,1,16.0,1,0,1,1.0,0.0,2,2,3,1,2.0,2.0,0.0,0,1,1,1,1,1,1,1,4.0,3.0,2.0,1.0,1.0,3.0,2.0,13.0,15.0,16.0,172.0,15.0,96.0,2,2,0,7.0,54.0,0,0,3.0,2,0,1,0,2.0,0,1,2,1,67.0,2,2,0,14.666666666666666
0,1,17.0,1,1,1,4.0,4.0,4,2,3,1,1.0,2.0,0.0,0,1,1,1,1,1,1,0,4.0,4.0,4.0,1.0,3.0,5.0,0.0,13.0,11.0,10.0,173.0,20.0,86.0,0,1,0,8.0,60.0,2,1,1.0,2,2,1,1,4.0,1,0,0,0,66.0,2,2,0,11.333333333333334
0,0,16.0,1,0,1,1.0,3.0,0,3,1,1,1.0,2.0,0.0,0,0,0,1,0,1,1,1,4.0,3.0,5.0,1.0,1.0,3.0,0.0,8.0,7.0,4.0,174.0,22.0,95.0,2,0,0,9.0,88.0,1,1,0.0,1,0,1,2,2.0,0,2,2,1,72.0,0,0,0,6.333333333333333
0,0,16.0,1,1,1,3.0,3.0,2,2,3,1,2.0,2.0,0.0,0,1,1,1,1,1,1,0,4.0,4.0,5.0,1.0,1.0,4.0,4.0,10.0,11.0,9.0,175.0,22.0,79.0,2,2,0,9.0,94.0,2,1,1.0,2,2,1,2,3.0,0,1,2,1,68.0,0,0,0,10.0
0,1,17.0,1,1,1,4.0,3.0,4,2,0,1,2.0,2.0,0.0,0,0,1,1,1,1,1,0,4.0,4.0,4.0,3.5,4.0,4.0,4.0,10.0,9.0,9.0,176.0,25.0,82.0,2,2,0,6.0,86.0,2,0,3.0,1,0,1,2,3.0,0,1,2,0,69.0,0,0,1,9.333333333333334
0,0,16.0,1,0,1,2.0,2.0,3,2,3,1,2.0,2.0,0.0,0,0,1,1,0,1,1,0,3.0,4.0,4.0,1.0,4.0,5.0,2.0,13.0,13.0,11.0,177.0,20.0,97.0,2,2,1,7.0,76.0,1,1,2.0,1,1,0,2,3.0,0,2,2,1,71.0,0,2,0,12.333333333333334
0,1,17.0,1,0,1,3.0,3.0,2,2,3,0,1.0,2.0,0.0,0,0,0,1,0,1,1,0,4.0,3.0,4.0,1.0,4.0,4.0,4.0,6.0,5.0,6.0,178.0,29.0,96.0,2,2,1,9.0,55.0,1,0,0.0,2,2,1,1,2.0,0,2,0,0,70.0,2,0,0,5.666666666666667
0,1,16.0,0,0,1,4.0,2.0,4,3,2,1,1.0,1.0,0.0,0,1,0,1,1,1,1,1,4.0,3.0,3.0,3.0,4.0,3.0,10.0,10.0,8.0,9.0,179.0,18.0,78.0,2,2,0,9.0,91.0,0,1,2.0,0,1,1,1,4.0,0,0,0,0,67.0,0,2,0,9.0
0,1,17.0,1,0,1,4.0,3.0,2,2,0,1,1.0,2.0,0.0,0,1,0,1,1,1,1,1,5.0,2.0,3.0,1.0,1.0,2.0,4.0,10.0,10.0,11.0,180.0,36.0,71.0,2,2,1,6.0,56.0,2,1,2.0,0,2,1,2,2.0,0,1,0,1,69.0,2,0,1,10.333333333333334
0,1,16.0,1,0,1,4.0,3.0,4,2,1,1,1.0,2.0,0.0,0,1,1,1,1,1,1,0,3.0,4.0,3.0,2.0,3.0,3.0,10.0,9.0,8.0,8.0,181.0,24.0,76.0,1,0,0,8.0,69.0,1,1,2.0,2,2,1,1,1.0,0,1,1,1,65.0,2,0,0,8.333333333333334
0,1,16.0,1,0,1,3.0,3.0,3,2,1,1,1.0,2.0,0.0,0,0,1,1,1,1,1,1,4.0,2.0,3.0,1.0,2.0,3.0,2.0,12.0,13.0,12.0,182.0,15.0,76.0,0,0,0,8.0,53.0,2,1,1.0,1,2,1,1,4.0,0,0,2,1,65.0,2,2,0,12.333333333333334
0,0,17.0,1,0,1,2.0,4.0,3,3,3,0,1.0,2.0,0.0,0,1,0,1,1,1,0,0,5.0,4.0,2.0,2.0,3.0,5.0,0.0,16.0,17.0,17.0,183.0,14.0,71.0,2,2,1,8.0,85.0,1,1,2.0,2,0,1,1,4.0,0,1,2,1,64.0,0,2,0,16.666666666666668
0,0,17.0,1,1,1,3.0,3.0,2,2,3,1,1.0,2.0,0.0,0,1,0,1,1,1,1,1,5.0,3.0,3.0,2.0,3.0,1.0,15.0,9.0,9.0,8.0,184.0,23.0,71.0,1,1,1,9.0,75.0,1,1,1.0,1,2,1,0,2.0,0,0,2,1,63.0,0,0,0,8.666666666666666
0,0,16.0,1,0,1,3.0,2.0,2,2,3,1,1.0,2.0,0.0,0,1,1,0,1,1,1,0,2.5,2.0,2.0,1.0,2.0,1.0,14.0,12.0,13.0,12.0,185.0,19.0,94.0,1,2,1,5.0,95.0,2,1,3.0,1,1,1,2,2.0,0,1,1,1,69.0,0,2,1,12.333333333333334
0,1,17.0,1,0,1,3.0,3.0,3,3,2,1,1.0,2.0,0.0,0,1,0,1,1,1,1,1,4.0,3.0,4.0,2.0,3.0,4.0,12.0,12.0,12.0,11.0,186.0,24.0,63.0,2,1,1,6.0,57.0,2,1,1.0,1,0,0,1,5.0,0,0,2,0,64.0,2,0,1,11.666666666666666
0,1,16.0,1,0,1,1.0,2.0,3,3,2,1,1.0,1.0,0.0,0,1,1,1,1,1,1,1,3.0,3.0,3.0,1.0,2.0,3.0,2.0,11.0,12.0,11.0,187.0,23.0,87.0,0,0,1,8.0,91.0,0,1,0.0,0,2,0,2,3.0,0,1,1,1,72.0,0,0,0,11.333333333333334
0,1,16.0,1,1,1,2.0,1.0,2,2,0,1,1.0,2.0,0.0,0,0,1,1,1,1,1,1,4.0,2.0,3.0,1.0,2.0,5.0,0.0,15.0,15.0,15.0,188.0,20.0,67.0,1,2,1,7.0,76.0,2,1,0.0,2,2,1,1,4.0,0,1,2,1,63.0,0,2,0,15.0
0,0,17.0,1,0,0,3.0,3.0,1,2,3,1,1.0,2.0,0.0,0,1,0,0,0,1,1,1,3.0,3.0,3.0,1.0,3.0,3.0,6.0,8.0,7.0,9.0,189.0,15.0,74.0,1,0,1,4.0,68.0,1,1,3.0,1,2,1,2,3.0,0,1,2,0,64.0,2,2,1,8.0
0,1,17.0,0,0,1,1.0,2.0,0,2,1,1,1.0,2.0,0.0,0,0,0,0,1,1,0,0,3.0,1.5,3.0,1.0,5.0,3.0,4.0,8.0,9.0,10.0,190.0,11.0,62.0,2,0,1,5.0,82.0,2,1,3.0,0,2,0,1,4.0,0,0,1,1,64.0,0,2,1,9.0
0,0,16.0,1,0,1,2.0,3.0,3,3,0,1,1.0,2.0,0.0,0,0,0,0,1,1,1,0,4.0,3.0,3.0,1.0,1.0,2.0,10.0,11.0,12.0,13.0,191.0,17.0,71.0,2,2,1,8.0,90.0,2,1,3.5,2,2,1,2,1.0,0,2,0,1,67.0,0,2,0,12.0
0,0,17.0,1,0,1,1.0,1.0,0,3,0,1,1.0,2.0,0.0,0,0,0,1,1,1,1,0,5.0,3.0,3.0,1.0,1.0,3.0,0.0,8.0,8.0,9.0,192.0,25.0,91.0,2,2,0,8.0,72.0,1,1,2.0,2,0,1,2,0.0,0,2,2,1,71.0,0,0,0,8.333333333333334
0,1,17.0,1,0,1,1.0,2.0,0,3,2,2,2.0,2.0,0.0,0,0,1,1,0,1,1,0,4.0,4.0,4.0,3.5,5.0,5.0,12.0,7.0,8.0,8.0,193.0,21.0,95.0,2,2,0,5.0,62.0,0,1,1.0,2,1,1,2,4.0,0,1,2,1,70.0,2,0,1,7.666666666666667
0,1,16.0,0,0,1,3.0,3.0,3,3,3,1,1.0,1.0,0.0,0,1,0,1,1,1,1,0,4.0,3.0,2.0,3.0,4.0,5.0,8.0,8.0,9.0,10.0,194.0,13.0,69.0,2,1,1,9.0,96.0,1,1,0.0,0,2,0,1,4.0,0,1,0,0,61.0,0,2,0,9.0
0,1,16.0,1,0,1,2.0,3.0,2,2,1,0,2.0,1.0,0.0,0,0,0,0,1,1,1,0,5.0,3.0,3.0,1.0,1.0,3.0,0.0,13.0,14.0,14.0,195.0,21.0,79.0,2,0,1,7.0,66.0,1,1,2.0,1,2,1,0,4.0,0,0,1,1,67.0,2,0,0,13.666666666666666
0,0,17.0,1,1,1,2.0,4.0,3,3,0,0,1.0,2.0,0.0,0,0,0,1,1,1,1,1,4.0,3.0,2.0,1.0,1.0,5.0,0.0,14.0,15.0,15.0,196.0,22.0,79.0,0,2,0,5.0,100.0,2,1,3.5,0,0,1,0,3.0,0,0,2,1,72.0,0,0,1,14.666666666666666
0,1,17.0,1,0,1,4.0,4.0,3,4,1,1,1.0,1.0,0.0,0,0,0,0,1,1,1,0,5.0,2.0,3.0,1.0,2.0,5.0,4.0,17.0,15.0,16.0,197.0,15.0,95.0,1,1,1,6.0,88.0,1,1,1.0,1,2,1,0,5.0,0,1,2,1,66.0,0,2,1,16.0
0,1,16.0,0,1,1,3.0,3.0,4,2,1,0,3.0,1.0,0.0,0,1,1,1,1,1,1,0,3.0,3.0,4.0,3.0,5.0,3.0,8.0,9.0,9.0,10.0,198.0,21.0,91.0,2,0,1,5.0,84.0,2,1,1.0,0,1,1,1,2.0,0,1,2,1,70.0,0,0,1,9.333333333333334
0,0,17.0,1,0,1,4.0,4.0,3,4,1,1,2.0,1.0,0.0,0,1,0,0,1,1,1,0,4.0,2.0,4.0,2.0,3.0,2.0,15.0,18.0,18.0,18.0,199.0,20.0,81.0,0,2,1,6.0,51.0,0,0,3.0,2,2,1,1,4.0,1,1,2,1,67.0,2,2,1,18.0
0,0,16.0,1,1,1,4.0,4.0,4,4,3,1,1.0,2.0,0.0,0,1,1,0,1,1,1,0,4.0,5.0,2.0,1.0,2.0,3.0,0.0,9.0,9.0,10.0,200.0,13.0,87.0,0,1,1,4.0,72.0,2,1,2.0,2,0,1,1,3.0,0,1,1,0,67.0,0,2,1,9.333333333333334
0,0,16.0,1,0,1,4.0,3.0,1,2,1,1,1.0,2.0,0.0,0,1,0,1,1,1,1,0,4.0,3.0,5.0,1.0,5.0,2.0,2.0,16.0,16.0,16.0,201.0,22.0,94.0,1,2,1,7.0,75.0,0,1,2.0,0,2,1,1,2.0,0,0,2,0,71.0,0,0,0,16.0
0,0,16.0,1,0,1,2.0,3.0,2,2,3,1,1.0,2.0,0.0,1,1,1,1,1,1,0,0,4.0,4.0,3.0,1.0,3.0,4.0,6.0,8.0,10.0,10.0,202.0,23.0,60.0,0,2,1,8.0,69.0,2,1,1.0,1,2,0,2,4.0,0,0,2,1,66.0,2,0,0,9.333333333333334
0,0,17.0,1,0,1,1.0,1.0,2,2,0,1,1.0,2.0,0.0,0,1,1,0,0,1,0,0,4.0,4.0,4.0,1.0,3.0,1.0,4.0,9.0,9.0,10.0,203.0,26.0,76.0,2,2,1,5.0,57.0,2,1,1.0,2,2,1,2,4.0,0,1,2,1,68.0,2,0,1,9.333333333333334
0,0,17.0,0,0,1,2.0,2.0,2,2,3,1,1.0,1.0,0.0,0,1,0,0,1,1,1,0,5.0,3.0,2.0,1.0,2.0,3.0,15.0,7.0,6.0,6.0,204.0,26.0,96.0,2,2,1,7.0,68.0,2,1,3.0,0,2,0,2,3.0,0,0,2,0,74.0,2,0,0,6.333333333333333
0,0,16.0,0,0,1,2.0,2.0,3,3,3,1,2.0,3.5,0.0,0,1,1,1,0,1,1,0,5.0,3.0,5.0,1.0,1.0,5.0,6.0,10.0,10.0,11.0,205.0,12.0,90.0,2,1,1,6.0,54.0,2,0,1.0,0,2,1,1,3.0,0,1,2,1,64.0,2,2,1,10.333333333333334
0,0,17.0,1,0,1,3.0,4.0,0,3,1,1,1.0,3.0,0.0,0,1,1,0,1,1,1,1,4.0,4.0,3.0,3.0,4.0,5.0,15.0,10.0,9.0,9.0,206.0,14.0,82.0,2,2,0,8.0,65.0,2,1,1.0,1,2,0,2,3.0,0,0,2,1,65.0,2,2,0,9.333333333333334
0,0,16.0,1,0,0,3.0,1.0,3,2,0,1,1.0,2.0,0.0,0,1,1,0,1,1,1,0,2.5,3.0,3.0,2.0,2.0,4.0,5.0,7.0,7.0,7.0,207.0,23.0,81.0,1,2,1,4.0,54.0,2,1,1.0,1,2,1,1,3.0,0,0,2,1,66.0,2,0,1,7.0
0,0,16.0,1,0,1,4.0,3.0,4,2,2,1,1.0,2.0,0.0,0,0,1,1,1,1,1,1,2.5,3.0,2.0,1.0,1.0,1.0,10.0,11.0,12.0,13.0,208.0,23.0,74.0,2,0,1,8.0,88.0,1,1,0.0,2,0,1,0,3.0,1,1,2,1,66.0,0,0,0,12.0
0,0,16.0,1,0,1,1.0,1.0,0,2,1,1,2.0,1.0,0.0,0,1,1,0,1,1,0,0,4.0,3.0,2.0,1.0,4.0,5.0,6.0,9.0,9.0,10.0,209.0,23.0,81.0,2,1,0,4.0,84.0,2,1,2.0,2,2,1,2,5.0,0,1,2,1,68.0,0,0,1,9.333333333333334
0,0,17.0,0,0,1,4.0,3.0,4,2,3,1,2.0,3.0,0.0,0,1,1,1,1,1,1,1,4.0,4.0,2.0,1.0,1.0,4.0,6.0,7.0,7.0,7.0,210.0,36.0,86.0,0,2,1,7.0,97.0,2,1,2.0,2,0,1,2,1.0,0,1,2,0,75.0,0,0,0,7.0
0,0,19.0,1,0,1,3.0,3.0,2,2,3,2,1.0,3.5,0.0,0,1,1,1,1,1,1,0,4.0,3.0,3.0,1.0,2.0,3.0,10.0,8.0,8.0,8.0,211.0,23.0,77.0,2,0,1,6.0,69.0,1,1,1.0,2,2,0,2,2.0,0,1,1,0,67.0,2,0,1,8.0
0,1,17.0,1,1,1,4.0,4.0,3,2,1,1,1.0,2.0,0.0,0,1,1,0,1,1,1,1,5.0,3.0,5.0,3.5,5.0,3.0,13.0,12.0,12.0,13.0,212.0,27.0,89.0,2,0,1,6.0,89.0,2,1,3.0,2,2,0,2,3.0,0,1,2,1,74.0,0,0,1,12.333333333333334
0,0,16.0,1,0,0,2.0,2.0,2,2,3,1,1.0,2.0,0.0,1,1,1,0,1,1,1,0,3.0,3.0,4.0,1.0,1.0,4.0,0.0,12.0,13.0,14.0,213.0,26.0,94.0,2,0,0,5.0,79.0,0,1,1.0,1,0,1,2,2.0,0,2,2,1,74.0,0,0,1,13.0
0,1,18.0,1,0,1,2.0,2.0,3,2,1,1,1.0,2.0,0.0,0,1,1,1,1,1,1,0,4.0,4.0,4.0,2.0,4.0,5.0,15.0,6.0,7.0,8.0,214.0,24.0,66.0,2,1,0,9.0,82.0,1,1,1.0,2,2,1,1,2.0,1,1,2,0,62.0,0,0,0,7.0
0,0,17.0,0,1,1,4.0,4.0,3,2,2,1,1.0,1.0,0.0,0,1,1,0,1,1,0,0,5.0,2.0,1.0,1.0,2.0,3.0,12.0,8.0,10.0,10.0,215.0,18.0,78.0,0,2,1,5.0,77.0,2,0,2.0,2,2,1,1,4.0,0,1,0,1,66.0,0,2,1,9.333333333333334
0,0,17.0,1,1,1,3.0,2.0,2,2,3,1,2.0,2.0,0.0,0,0,1,0,1,1,1,0,4.0,4.0,4.0,1.0,3.0,1.0,2.0,14.0,15.0,15.0,216.0,25.0,76.0,2,2,1,5.0,89.0,0,1,3.0,2,0,1,1,3.0,0,1,0,0,69.0,0,0,1,14.666666666666666
0,0,17.0,1,0,1,4.0,3.0,2,2,3,1,1.0,2.0,0.0,0,0,1,0,1,1,1,1,3.0,4.0,5.0,2.0,4.0,1.0,15.0,6.0,6.0,4.0,217.0,15.0,87.0,2,0,1,10.0,52.0,2,1,2.0,1,0,0,2,3.0,0,0,2,1,68.0,2,2,0,5.333333333333333
0,1,18.0,1,1,1,3.0,3.0,3,1,1,0,1.0,2.0,0.0,0,1,1,0,1,1,1,0,3.0,2.0,4.0,2.0,4.0,4.0,13.0,6.0,6.0,8.0,218.0,19.0,70.0,2,1,0,7.0,54.0,0,1,0.0,2,2,1,2,2.0,1,1,1,1,75.0,2,2,0,6.666666666666667
0,0,17.0,1,0,1,2.0,3.0,0,2,1,0,2.0,1.0,0.0,0,1,1,0,1,1,0,0,3.0,3.0,3.0,1.0,4.0,3.0,3.0,7.0,7.0,8.0,219.0,17.0,86.0,0,1,0,5.0,55.0,1,0,2.0,0,2,0,1,4.0,0,0,2,1,66.0,2,2,1,7.333333333333333
0,0,17.0,1,0,1,2.0,2.0,0,0,0,1,1.0,3.0,0.0,0,1,1,1,1,1,1,0,4.0,3.0,3.0,1.0,1.0,4.0,4.0,9.0,10.0,10.0,220.0,20.0,95.0,1,2,1,7.0,64.0,1,0,2.0,2,0,1,1,3.0,0,1,2,0,68.0,2,2,0,9.666666666666666
0,0,17.0,0,0,1,2.0,1.0,0,3,3,1,2.0,2.0,0.0,0,1,0,1,1,1,1,0,4.0,2.0,5.0,1.0,2.0,5.0,2.0,6.0,6.0,6.0,221.0,34.0,77.0,2,1,1,7.0,80.0,1,1,0.0,2,2,1,2,3.0,0,1,2,1,69.0,0,0,0,6.0
0,0,17.0,1,0,1,1.0,1.0,0,2,3,1,1.0,3.0,0.0,0,1,0,1,1,1,0,1,4.0,3.0,4.0,1.0,1.0,5.0,0.0,6.0,5.0,4.0,222.0,9.0,96.0,2,2,1,4.0,82.0,0,0,0.0,1,2,1,2,4.0,0,0,2,1,67.0,0,1,1,5.0
0,0,16.0,1,0,1,2.0,3.0,3,4,2,1,1.0,2.0,0.0,1,0,0,0,1,1,1,0,2.5,3.0,1.0,1.0,1.0,3.0,2.0,16.0,16.0,17.0,223.0,24.0,100.0,0,0,1,6.0,86.0,1,1,2.0,2,2,0,2,5.0,0,1,2,1,75.0,0,0,1,16.333333333333332
0,1,18.0,1,0,1,2.0,2.0,2,2,1,1,2.0,2.0,0.0,0,1,1,0,1,1,1,0,3.0,3.0,3.0,3.5,5.0,4.0,0.0,12.0,13.0,13.0,224.0,10.0,64.0,2,0,0,7.0,64.0,0,1,0.0,2,2,1,2,4.0,1,1,1,0,60.0,2,1,0,12.666666666666666
0,0,16.0,1,0,1,4.0,4.0,4,3,1,1,1.0,3.0,0.0,0,1,0,1,0,1,1,0,5.0,3.0,2.0,1.0,1.0,5.0,0.0,13.0,13.0,14.0,225.0,17.0,69.0,0,2,1,9.0,83.0,2,1,2.0,2,0,0,2,4.0,1,0,1,0,66.0,0,2,0,13.333333333333334
0,0,18.0,0,0,1,3.0,1.0,2,2,3,1,1.0,2.0,0.0,0,0,0,1,1,1,1,1,5.0,3.0,3.0,1.0,1.0,4.0,15.0,9.0,8.0,7.0,226.0,27.0,98.0,1,0,1,7.0,56.0,1,1,1.0,0,2,0,2,3.0,0,0,2,0,73.0,2,0,0,8.0
0,0,17.0,1,0,1,3.0,2.0,2,2,0,1,1.0,2.0,0.0,0,0,0,1,0,1,1,0,5.0,3.0,4.0,1.0,3.0,3.0,10.0,16.0,15.0,15.0,227.0,20.0,98.0,2,1,0,7.0,50.0,1,1,1.0,2,0,0,1,2.0,0,1,2,0,68.0,1,2,0,15.333333333333334
0,1,17.0,1,1,1,2.0,3.0,3,3,3,0,1.0,2.0,0.0,0,1,1,0,0,1,1,0,5.0,3.0,3.0,1.0,3.0,3.0,2.0,12.0,11.0,12.0,228.0,14.0,64.0,2,2,1,6.0,85.0,2,1,0.0,2,2,1,1,3.0,0,1,2,1,62.0,0,2,1,11.666666666666666
0,1,18.0,1,1,1,2.0,1.0,0,2,0,1,3.5,2.0,0.0,1,1,1,1,1,1,1,1,4.0,3.0,2.0,3.5,5.0,3.0,14.0,10.0,8.0,9.0,229.0,16.0,61.0,2,2,0,9.0,86.0,1,1,2.0,1,0,1,2,2.0,0,1,2,1,62.0,0,2,0,9.0
0,0,17.0,1,0,0,2.0,1.0,2,2,0,1,2.0,3.0,0.0,0,0,0,1,1,1,1,1,3.0,2.0,3.0,1.0,2.0,3.0,10.0,12.0,10.0,12.0,230.0,24.0,66.0,0,1,1,8.0,81.0,0,1,1.0,2,2,1,1,4.0,0,1,0,1,65.0,0,0,0,11.333333333333334
0,0,17.0,1,1,1,4.0,3.0,1,2,3,0,1.0,2.0,0.0,0,0,0,1,1,1,1,1,3.0,2.0,3.0,1.0,2.0,3.0,14.0,13.0,13.0,14.0,231.0,16.0,100.0,0,1,1,8.0,63.0,0,1,2.0,1,2,1,0,3.0,0,1,1,1,69.0,2,2,0,13.333333333333334
0,1,17.0,0,0,1,2.0,2.0,2,2,0,0,2.0,2.0,0.0,0,1,1,1,1,1,1,0,4.0,5.0,2.0,1.0,1.0,1.0,4.0,11.0,11.0,11.0,232.0,21.0,67.0,2,2,0,7.0,96.0,1,1,3.0,1,2,1,1,2.0,0,1,0,0,64.0,0,0,0,11.0
0,1,17.0,1,0,1,4.0,4.0,4,4,3,1,1.0,2.0,0.0,1,1,0,1,1,1,1,1,4.0,5.0,5.0,1.0,3.0,2.0,14.0,11.0,9.0,9.0,233.0,20.0,80.0,2,0,0,5.0,94.0,2,1,0.0,1,1,0,2,4.0,1,2,1,0,67.0,0,2,1,9.666666666666666
0,1,16.0,1,0,1,4.0,4.0,1,2,3,0,1.0,2.0,0.0,0,1,1,1,1,1,1,0,4.0,2.0,4.0,2.0,4.0,1.0,2.0,14.0,13.0,13.0,234.0,16.0,94.0,0,0,1,9.0,76.0,2,1,0.0,1,0,1,1,2.0,0,1,2,1,70.0,0,2,0,13.333333333333334
0,1,16.0,1,1,1,1.0,1.0,2,2,1,1,2.0,2.0,0.0,0,1,1,0,1,1,1,0,3.0,4.0,2.0,1.0,1.0,5.0,15.0,9.0,7.0,6.0,235.0,33.0,61.0,2,2,0,7.0,99.0,0,1,2.0,2,0,1,1,3.0,0,0,2,0,70.0,0,0,0,7.333333333333333
0,1,16.0,1,0,1,3.0,2.0,0,2,3,1,2.0,3.0,0.0,0,0,0,1,1,1,1,1,5.0,3.0,3.0,1.0,3.0,2.0,10.0,11.0,9.0,10.0,236.0,24.0,84.0,0,1,0,7.0,65.0,1,1,3.0,2,0,1,2,3.0,0,1,2,0,69.0,2,0,0,10.0
0,1,17.0,1,1,1,2.0,2.0,2,2,1,0,1.0,2.0,0.0,0,0,1,1,0,1,1,1,4.0,4.0,2.0,3.5,5.0,4.0,4.0,14.0,13.0,13.0,237.0,8.0,71.0,0,1,0,8.0,75.0,2,1,0.0,2,0,1,2,3.0,0,1,2,1,61.0,0,1,0,13.333333333333334
0,0,16.0,1,0,1,2.0,1.0,2,2,1,1,1.0,1.0,0.0,0,0,0,0,1,1,1,1,4.0,5.0,2.0,1.0,1.0,5.0,15.0,13.0,12.0,12.0,238.0,21.0,94.0,2,2,0,7.0,96.0,1,1,0.0,2,2,0,1,2.0,1,2,1,1,69.0,0,0,0,12.333333333333334
0,0,17.0,0,0,1,2.0,1.0,0,3,0,1,3.0,2.0,0.0,0,0,0,1,1,1,0,0,2.5,1.5,1.0,1.0,1.0,3.0,2.0,13.0,11.0,11.0,239.0,16.0,71.0,0,2,1,5.0,73.0,2,1,1.0,2,2,1,1,0.0,1,1,2,1,63.0,0,2,1,11.666666666666666
0,1,18.0,1,0,1,2.0,2.0,2,3,3,0,1.0,2.0,0.0,0,0,0,0,1,0,1,0,5.0,5.0,4.0,3.0,5.0,2.0,0.0,7.0,7.0,4.0,240.0,25.0,87.0,2,1,1,7.0,74.0,1,1,0.0,2,0,1,1,4.0,1,1,2,1,67.0,0,0,0,6.0
0,1,17.0,1,1,1,4.0,3.0,1,2,0,1,2.0,2.0,0.0,0,0,0,1,1,1,1,1,2.5,5.0,5.0,1.0,4.0,5.0,14.0,12.0,12.0,12.0,241.0,15.0,87.0,1,2,0,4.0,54.0,2,1,1.0,2,2,1,1,6.0,0,1,1,1,65.0,2,2,1,12.0
0,1,17.0,0,1,0,4.0,4.0,4,2,0,1,2.0,2.0,0.0,0,1,1,0,1,1,1,0,3.0,3.0,3.0,2.0,3.0,4.0,2.0,10.0,11.0,12.0,242.0,19.0,69.0,2,2,1,7.0,61.0,0,1,3.0,0,0,1,1,4.0,0,1,1,1,66.0,2,2,0,11.0
0,1,16.0,1,1,1,4.0,3.0,4,2,0,1,1.0,1.0,0.0,0,0,0,1,0,1,1,0,5.0,4.0,5.0,1.0,1.0,3.0,0.0,6.0,3.0,4.0,243.0,23.0,61.0,1,2,0,9.0,58.0,2,1,3.5,2,2,1,1,2.0,0,1,2,1,63.0,2,0,0,4.333333333333333
0,1,16.0,1,0,1,4.0,4.0,3,3,0,1,1.0,1.0,0.0,0,0,0,1,1,1,1,0,5.0,3.0,2.0,1.0,2.0,5.0,0.0,13.0,12.0,12.0,244.0,25.0,76.0,2,0,1,4.0,78.0,2,1,2.0,2,2,0,0,3.0,0,1,1,0,68.0,0,0,1,12.333333333333334
0,0,18.0,1,0,1,2.0,1.0,2,2,0,2,2.0,3.0,0.0,0,1,1,0,0,1,1,1,4.0,4.0,4.0,1.0,1.0,3.0,0.0,7.0,3.0,4.0,245.0,13.0,72.0,0,0,0,7.0,66.0,2,1,0.0,1,0,1,1,4.0,0,2,2,1,65.0,2,2,0,4.666666666666667
0,1,16.0,1,0,1,2.0,1.0,2,2,0,1,3.0,1.0,0.0,0,0,0,0,1,1,1,0,4.0,3.0,3.0,1.0,1.0,4.0,6.0,18.0,18.0,18.0,246.0,18.0,92.0,1,2,1,8.0,54.0,2,1,1.0,2,2,1,2,3.0,0,1,2,1,67.0,2,2,0,18.0
0,1,17.0,1,0,1,2.0,3.0,2,2,0,0,2.0,1.0,0.0,0,0,0,0,1,1,1,0,5.0,2.0,2.0,1.0,1.0,2.0,4.0,12.0,12.0,13.0,247.0,17.0,92.0,1,1,1,8.0,75.0,2,1,2.0,2,0,1,1,3.0,0,2,2,0,68.0,0,2,0,12.333333333333334
0,1,21.0,1,0,1,3.0,1.0,3,3,2,1,1.0,1.0,0.0,0,0,0,0,0,0,1,1,5.0,4.0,5.0,3.5,5.0,1.0,15.0,6.0,8.0,8.0,248.0,16.0,78.0,2,0,0,6.0,83.0,2,1,0.0,1,1,1,1,3.0,1,0,2,1,64.0,0,2,1,7.333333333333333
0,1,18.0,0,1,1,3.0,3.0,2,3,0,1,1.0,2.0,0.0,0,1,0,0,1,1,1,1,4.0,3.0,3.0,1.0,3.0,5.0,8.0,3.0,5.0,5.0,249.0,31.0,84.0,2,2,0,5.0,87.0,0,1,0.0,2,2,0,2,3.0,0,0,1,1,71.0,0,0,1,4.333333333333333
0,1,16.0,1,0,1,0.0,2.0,2,2,2,1,1.0,1.0,0.0,0,0,1,0,0,1,1,0,4.0,3.0,2.0,2.0,4.0,5.0,0.0,13.0,15.0,15.0,250.0,22.0,84.0,2,2,1,6.0,92.0,1,1,0.0,2,2,1,1,5.0,0,1,2,0,69.0,0,0,1,14.333333333333334
0,1,18.0,1,0,1,3.0,2.0,3,2,0,1,2.0,1.0,0.0,0,0,0,0,1,0,1,0,4.0,4.0,5.0,2.0,4.0,5.0,0.0,6.0,8.0,8.0,251.0,12.0,93.0,2,2,1,9.0,74.0,1,1,1.0,2,2,1,1,3.0,0,2,1,1,67.0,0,2,0,7.333333333333333
0,1,16.0,1,0,1,3.0,3.0,0,2,3,2,3.0,2.0,0.0,1,1,0,0,0,1,1,0,5.0,3.0,3.0,1.0,3.0,2.0,6.0,7.0,10.0,10.0,252.0,26.0,77.0,1,2,0,4.0,70.0,1,1,2.0,0,1,1,1,3.0,1,0,1,0,65.0,2,0,1,9.0
0,1,18.0,1,0,1,2.0,1.0,3,3,2,1,1.0,1.0,0.0,0,0,0,0,0,0,1,0,3.0,2.0,5.0,2.0,5.0,5.0,4.0,6.0,9.0,8.0,253.0,33.0,71.0,1,2,0,5.0,84.0,2,1,1.0,2,2,1,2,2.0,0,1,2,1,68.0,0,0,1,7.666666666666667
0,1,16.0,0,0,1,2.0,1.0,2,2,0,1,2.0,1.0,0.0,0,0,0,1,0,1,0,0,3.0,3.0,2.0,1.0,3.0,3.0,0.0,8.0,9.0,8.0,254.0,26.0,71.0,0,2,1,6.0,51.0,1,0,1.0,0,2,0,2,3.0,0,2,1,1,67.0,2,0,1,8.333333333333334
0,1,17.0,0,0,1,2.0,1.0,2,2,0,1,1.0,1.0,0.0,0,0,0,0,0,1,1,0,4.0,4.0,2.0,2.0,4.0,5.0,0.0,8.0,12.0,12.0,255.0,11.0,81.0,2,2,1,6.0,82.0,0,1,3.0,2,0,1,1,4.0,0,1,2,1,67.0,0,2,1,10.666666666666666
0,1,17.0,1,1,1,1.0,1.0,1,2,0,1,2.0,1.0,0.0,0,1,0,1,1,1,1,0,4.0,4.0,4.0,1.0,2.0,5.0,2.0,7.0,9.0,8.0,256.0,17.0,78.0,2,0,1,7.0,70.0,2,0,2.0,1,0,1,2,3.0,0,1,2,1,66.0,2,2,0,8.0
0,0,17.0,1,1,1,4.0,2.0,4,3,3,1,1.0,3.5,0.0,0,1,1,1,1,1,1,0,4.0,2.0,3.0,1.0,1.0,4.0,6.0,14.0,12.0,13.0,257.0,28.0,78.0,0,2,0,9.0,73.0,0,1,2.0,2,2,1,1,4.0,0,0,1,0,70.0,0,0,0,13.0
0,1,19.0,1,1,0,4.0,3.0,3,0,3,1,1.0,2.0,0.0,0,1,0,0,1,1,1,0,4.0,3.0,1.0,1.0,1.0,1.0,12.0,11.0,11.0,11.0,258.0,16.0,64.0,0,1,1,5.0,65.0,2,1,3.0,2,0,0,2,4.0,0,2,1,0,65.0,2,2,1,11.0
0,1,18.0,1,0,1,2.0,1.0,2,2,1,1,1.0,2.0,0.0,0,0,0,1,1,1,1,0,5.0,2.0,4.0,1.0,2.0,4.0,8.0,15.0,14.0,14.0,259.0,23.0,89.0,1,1,1,7.0,56.0,1,1,3.5,2,1,0,2,4.0,0,2,2,0,69.0,2,0,0,14.333333333333334
0,0,17.0,1,1,1,2.0,2.0,3,3,0,0,1.0,3.5,0.0,0,0,1,1,1,1,1,1,3.0,4.0,1.0,1.0,1.0,2.0,0.0,10.0,9.0,4.0,260.0,25.0,69.0,2,2,1,7.0,70.0,1,0,1.0,0,0,1,2,4.0,0,1,0,0,65.0,2,0,0,7.666666666666667
0,0,18.0,1,0,1,4.0,3.0,3,2,1,0,1.0,2.0,0.0,0,1,1,0,1,1,1,1,3.0,1.5,2.0,1.0,3.0,2.0,15.0,17.0,18.0,18.0,261.0,14.0,68.0,0,2,0,6.0,65.0,2,1,1.0,0,2,1,1,3.0,1,0,2,1,63.0,2,2,1,17.666666666666668
0,1,18.0,1,0,1,4.0,3.0,4,2,0,1,1.0,2.0,0.0,0,1,1,0,0,1,1,0,4.0,3.0,2.0,1.0,1.0,3.0,2.0,8.0,8.0,8.0,262.0,20.0,77.0,2,2,0,5.0,98.0,1,1,2.0,1,0,0,1,2.0,0,2,0,0,67.0,0,2,1,8.0
0,1,18.0,0,0,1,3.0,2.0,2,2,0,1,1.0,3.0,0.0,0,0,0,1,0,1,0,0,5.0,3.0,2.0,1.0,1.0,3.0,1.0,13.0,12.0,12.0,263.0,4.0,69.0,0,2,1,6.0,97.0,2,1,1.0,1,2,1,2,3.0,0,1,2,0,61.0,0,1,1,12.333333333333334
0,0,17.0,1,0,1,3.0,3.0,2,2,1,1,1.0,3.0,0.0,0,0,0,1,0,1,0,0,3.0,2.0,3.0,1.0,1.0,4.0,4.0,10.0,9.0,9.0,264.0,14.0,83.0,2,1,1,6.0,82.0,2,1,0.0,2,2,1,2,2.0,0,1,2,0,65.0,0,2,1,9.333333333333334
0,0,18.0,1,0,1,2.0,2.0,0,3,1,1,1.0,3.0,0.0,0,1,1,1,1,1,1,1,4.0,3.0,3.0,1.0,1.0,3.0,0.0,9.0,10.0,4.0,265.0,18.0,75.0,1,0,1,8.0,95.0,2,1,1.0,1,1,1,1,2.0,0,0,2,0,66.0,0,2,0,7.666666666666667
0,1,18.0,0,1,0,3.0,4.0,2,2,3,1,2.0,2.0,0.0,0,1,1,1,1,1,1,0,4.0,2.0,5.0,3.0,4.0,1.0,13.0,17.0,17.0,17.0,266.0,13.0,78.0,2,0,1,8.0,88.0,0,1,0.0,0,1,1,1,3.0,0,0,2,1,66.0,0,2,0,17.0
0,1,17.0,1,0,1,3.0,1.0,3,2,2,1,1.0,2.0,0.0,0,0,1,1,1,1,1,1,5.0,4.0,4.0,3.0,4.0,5.0,2.0,9.0,9.0,10.0,267.0,30.0,81.0,2,1,1,5.0,67.0,2,1,1.0,0,0,1,0,1.0,0,1,2,1,69.0,2,0,1,9.333333333333334
0,0,18.0,0,0,1,4.0,4.0,4,2,3,1,2.0,2.0,0.0,0,0,1,1,1,1,1,0,4.0,3.0,4.0,2.0,2.0,4.0,8.0,12.0,10.0,11.0,268.0,11.0,68.0,2,2,0,6.0,80.0,2,1,2.0,2,2,1,2,3.0,0,0,1,0,63.0,0,2,1,11.0
0,1,18.0,1,0,1,4.0,2.0,1,2,3,0,1.0,2.0,0.0,0,1,1,1,1,1,1,1,5.0,4.0,5.0,1.0,3.0,5.0,10.0,10.0,9.0,10.0,269.0,17.0,66.0,1,0,0,6.0,61.0,2,1,1.0,0,2,1,2,6.0,0,2,2,1,65.0,2,2,1,9.666666666666666
0,0,18.0,0,0,1,2.0,1.0,2,2,3,1,2.0,2.0,0.0,0,1,0,0,1,0,1,1,4.0,3.0,5.0,1.0,2.0,3.0,0.0,6.0,3.0,4.0,270.0,21.0,95.0,1,1,0,10.0,84.0,1,1,0.0,0,2,1,1,4.0,1,1,2,1,67.0,0,0,0,4.333333333333333
0,0,19.0,1,0,1,3.0,3.0,2,3,1,2,1.0,2.0,0.0,0,1,1,1,1,1,1,0,4.0,3.0,5.0,3.0,3.0,5.0,15.0,9.0,9.0,9.0,271.0,29.0,77.0,0,0,1,7.0,52.0,2,1,2.0,0,2,1,0,3.0,1,1,2,0,69.0,2,0,0,9.0
0,0,18.0,1,0,1,2.0,3.0,2,3,3,0,1.0,3.5,0.0,0,1,1,1,1,1,1,1,4.0,5.0,5.0,1.0,3.0,2.0,4.0,15.0,14.0,14.0,272.0,11.0,76.0,1,2,1,5.0,92.0,2,1,3.5,2,1,1,0,2.0,0,2,2,1,65.0,0,2,1,14.333333333333334
0,0,18.0,1,1,1,1.0,1.0,2,2,1,1,2.0,2.0,0.0,0,1,1,0,0,1,0,0,4.0,4.0,3.0,1.0,1.0,3.0,2.0,11.0,11.0,11.0,273.0,27.0,61.0,2,2,0,6.0,79.0,2,1,1.0,1,2,1,2,3.0,0,1,1,1,65.0,0,0,1,11.0
0,1,17.0,0,0,1,1.0,2.0,0,0,1,1,1.0,2.0,0.0,0,1,1,1,0,1,0,1,3.0,5.0,2.0,2.0,2.0,1.0,2.0,15.0,14.0,14.0,274.0,20.0,80.0,0,1,1,6.0,53.0,2,1,0.0,1,2,1,1,2.0,0,0,1,1,65.0,2,2,1,14.333333333333334
0,0,17.0,1,0,1,2.0,4.0,0,1,3,1,2.0,2.0,0.0,0,1,1,0,1,1,1,1,4.0,3.0,3.0,1.0,1.0,1.0,2.0,10.0,10.0,10.0,275.0,14.0,82.0,2,0,1,8.0,94.0,1,1,2.0,1,0,1,0,5.0,0,0,0,0,67.0,0,2,0,10.0
0,0,17.0,1,1,1,2.0,2.0,3,2,0,1,2.0,2.0,0.0,1,1,1,0,1,1,1,1,4.0,4.0,4.0,2.0,3.0,5.0,6.0,12.0,12.0,12.0,276.0,23.0,82.0,1,2,1,8.0,94.0,2,1,1.0,2,2,1,0,2.0,1,1,2,1,66.0,0,0,0,12.0
0,0,18.0,0,0,0,3.0,2.0,2,3,1,1,2.0,2.0,0.0,0,0,0,0,0,0,1,1,4.0,1.5,1.0,1.0,1.0,5.0,15.0,10.0,9.0,9.0,277.0,21.0,88.0,2,0,0,7.0,93.0,2,1,3.5,1,2,1,2,3.0,0,1,2,0,72.0,0,0,0,9.333333333333334
0,1,18.0,1,0,1,4.0,4.0,4,3,1,1,2.0,1.0,0.0,0,0,1,1,1,1,1,0,3.0,2.0,4.0,1.0,4.0,3.0,15.0,9.0,9.0,9.0,278.0,16.0,67.0,2,0,0,7.0,89.0,0,1,3.0,1,2,1,2,3.0,0,0,2,1,66.0,0,2,0,9.0
0,0,18.0,1,0,1,4.0,4.0,1,1,3,0,1.0,2.0,0.0,1,1,0,1,1,1,1,1,2.5,4.0,4.0,1.0,1.0,4.0,15.0,9.0,8.0,8.0,279.0,20.0,70.0,2,2,1,7.0,84.0,1,0,2.0,2,0,0,1,4.0,0,0,0,1,65.0,0,2,0,8.333333333333334
0,1,18.0,1,1,1,4.0,3.0,4,3,0,1,2.0,1.0,0.0,0,0,1,1,1,1,1,0,4.0,2.0,3.0,1.0,2.0,1.0,8.0,10.0,11.0,10.0,280.0,18.0,92.0,0,2,1,7.0,70.0,2,1,1.0,1,2,1,1,3.0,0,1,1,1,69.0,2,2,0,10.333333333333334
0,1,17.0,1,1,0,4.0,1.0,3,2,1,1,2.0,1.0,0.0,0,0,1,1,1,1,1,1,4.0,5.0,4.0,2.0,4.0,5.0,15.0,8.0,8.0,8.0,281.0,21.0,98.0,2,1,0,4.0,57.0,2,1,2.0,0,1,1,1,2.0,0,1,2,0,68.0,2,0,1,8.0
0,1,17.0,1,1,0,3.0,2.0,4,3,1,1,1.0,1.0,0.0,0,0,0,0,1,1,1,0,4.0,4.0,4.0,3.0,4.0,3.0,15.0,11.0,9.0,10.0,282.0,24.0,65.0,2,1,0,7.0,64.0,1,1,1.0,0,2,1,1,1.0,0,2,2,1,64.0,2,0,0,10.0
0,0,18.0,0,1,1,1.0,1.0,0,2,3,1,2.0,3.5,0.0,0,1,1,1,1,1,0,0,5.0,2.0,2.0,1.0,1.0,3.0,1.0,12.0,12.0,12.0,283.0,30.0,80.0,1,0,0,6.0,67.0,2,1,3.0,2,2,1,0,4.0,0,0,1,0,69.0,2,0,1,12.0
0,0,18.0,1,0,1,1.0,1.0,2,2,1,1,2.0,2.0,0.0,1,0,0,1,1,1,1,0,5.0,4.0,4.0,1.0,1.0,4.0,4.0,8.0,9.0,10.0,284.0,13.0,69.0,2,1,1,5.0,68.0,1,1,0.0,0,2,1,2,1.0,1,1,1,0,59.0,2,2,1,9.0
0,0,17.0,1,0,1,2.0,2.0,2,2,0,1,1.0,2.0,0.0,0,1,0,0,0,1,1,0,5.0,4.0,5.0,1.0,2.0,5.0,4.0,10.0,9.0,11.0,285.0,33.0,62.0,0,2,1,10.0,78.0,2,1,0.0,2,2,0,2,3.0,0,1,1,0,68.0,0,0,0,10.0
0,1,17.0,1,0,1,1.0,1.0,2,2,3,0,1.0,2.0,0.0,0,0,1,0,0,1,1,0,4.0,3.0,3.0,1.0,2.0,4.0,2.0,12.0,10.0,11.0,286.0,8.0,73.0,2,2,0,7.0,60.0,2,0,0.0,0,2,0,1,3.0,0,1,2,0,60.0,2,1,0,11.0
0,0,18.0,1,0,1,2.0,2.0,0,0,2,1,1.0,3.0,0.0,0,1,1,0,1,1,1,0,4.0,3.0,3.0,1.0,2.0,2.0,5.0,18.0,18.0,19.0,287.0,19.0,66.0,2,0,0,7.0,59.0,2,1,1.0,0,2,1,0,3.0,0,1,0,1,62.0,2,2,0,18.333333333333332
0,0,17.0,1,0,1,1.0,1.0,3,4,3,1,1.0,3.0,0.0,0,1,1,0,1,1,1,0,4.0,3.0,3.0,1.0,1.0,3.0,6.0,13.0,12.0,12.0,288.0,24.0,88.0,1,2,1,6.0,86.0,1,1,0.0,1,1,1,0,3.0,0,0,2,1,67.0,0,0,1,12.333333333333334
0,1,18.0,1,0,1,2.0,1.0,3,3,3,1,1.0,3.0,0.0,0,0,1,1,1,1,1,0,4.0,2.0,4.0,1.0,3.0,2.0,6.0,15.0,14.0,14.0,289.0,22.0,81.0,1,0,1,8.0,50.0,0,1,3.5,2,2,0,2,5.0,0,1,0,0,68.0,1,0,0,14.333333333333334
0,1,18.0,1,1,0,4.0,4.0,4,4,3,1,1.0,2.0,0.0,0,1,1,1,1,1,1,0,5.0,4.0,3.0,1.0,1.0,2.0,9.0,15.0,13.0,15.0,290.0,16.0,66.0,2,0,1,5.0,57.0,0,1,3.0,2,2,1,2,3.0,0,1,1,0,64.0,2,2,1,14.333333333333334
0,1,18.0,1,0,1,4.0,2.0,4,2,1,1,1.0,2.0,0.0,0,1,1,1,1,1,1,1,4.0,3.0,2.0,1.0,4.0,5.0,11.0,12.0,11.0,11.0,291.0,19.0,60.0,2,0,1,7.0,72.0,0,1,3.0,1,0,1,2,3.0,0,1,1,0,65.0,0,2,0,11.333333333333334
0,0,17.0,1,0,1,4.0,3.0,1,3,3,1,1.0,3.0,0.0,0,1,1,0,1,1,1,0,4.0,2.0,2.0,1.0,2.0,3.0,0.0,15.0,15.0,15.0,292.0,17.0,92.0,1,1,1,6.0,57.0,2,1,2.0,2,2,0,2,2.0,1,1,1,0,65.0,2,2,1,15.0
0,0,18.0,1,1,1,2.0,1.0,3,0,3,1,1.0,2.0,0.0,0,0,0,0,1,1,1,1,5.0,4.0,3.0,1.0,1.0,5.0,12.0,12.0,12.0,13.0,293.0,16.0,67.0,0,2,0,8.0,98.0,2,1,0.0,1,1,1,1,3.0,0,1,2,0,63.0,0,2,0,12.333333333333334
0,0,17.0,0,1,1,3.0,1.0,3,2,3,1,2.0,3.5,0.0,0,1,1,0,1,1,0,0,3.0,1.5,2.0,1.0,1.0,3.0,6.0,18.0,18.0,18.0,294.0,25.0,84.0,2,1,1,6.0,84.0,1,1,2.0,2,0,1,2,3.0,0,1,2,1,70.0,0,0,1,18.0
0,1,18.0,0,1,1,3.0,2.0,3,2,3,1,2.0,3.0,0.0,0,1,1,1,1,1,1,0,5.0,4.0,2.0,1.0,1.0,4.0,8.0,14.0,13.0,14.0,295.0,22.0,73.0,1,2,1,9.0,72.0,1,1,3.0,2,2,1,2,3.0,0,1,2,0,66.0,0,0,0,13.666666666666666
0,1,17.0,1,0,1,3.0,3.0,1,2,1,1,1.0,1.0,0.0,0,1,1,0,1,1,1,0,4.0,4.0,3.0,1.0,3.0,5.0,4.0,14.0,12.0,11.0,296.0,16.0,83.0,2,0,1,7.0,56.0,1,1,3.5,0,2,1,2,3.0,0,1,2,0,68.0,2,2,0,12.333333333333334
0,0,19.0,1,0,1,4.0,4.0,1,2,3,2,2.0,2.0,0.0,0,1,1,1,1,1,1,0,2.5,3.0,4.0,2.0,3.0,2.0,0.0,10.0,9.0,4.0,297.0,25.0,73.0,1,1,0,8.0,69.0,2,1,3.0,2,2,0,2,3.0,0,1,2,0,66.0,2,0,0,7.666666666666667
0,0,18.0,1,1,1,4.0,3.0,2,2,1,2,2.0,2.0,0.0,0,1,1,0,1,1,1,1,4.0,4.0,5.0,1.0,2.0,2.0,10.0,10.0,8.0,8.0,298.0,22.0,63.0,1,1,0,8.0,83.0,2,1,3.0,2,2,0,0,1.0,0,0,2,1,63.0,0,0,0,8.666666666666666
0,0,18.0,1,0,1,4.0,3.0,2,2,3,0,1.0,3.5,0.0,0,1,1,0,1,1,1,0,4.0,3.0,3.0,1.0,1.0,3.0,0.0,14.0,13.0,14.0,299.0,25.0,69.0,0,2,1,9.0,98.0,2,1,1.0,1,2,1,0,3.0,1,0,1,0,66.0,0,0,0,13.666666666666666
0,1,18.0,1,1,1,4.0,4.0,4,4,1,1,1.0,1.0,0.0,0,1,1,0,1,1,1,1,2.5,4.0,2.0,2.0,2.0,1.0,5.0,16.0,15.0,16.0,300.0,24.0,68.0,2,2,1,6.0,74.0,2,1,1.0,2,2,1,1,3.0,0,1,2,0,65.0,0,0,1,15.666666666666666
0,0,18.0,1,1,0,4.0,4.0,1,2,1,1,1.0,2.0,0.0,0,1,0,0,1,1,1,1,4.0,2.0,4.0,1.0,1.0,4.0,14.0,12.0,10.0,11.0,301.0,15.0,77.0,2,2,1,8.0,85.0,0,1,1.0,1,2,1,2,2.0,0,2,1,1,66.0,0,2,0,11.0
0,1,17.0,1,1,1,4.0,4.0,2,4,1,0,2.0,1.0,0.0,0,0,1,0,1,1,1,0,4.0,1.5,1.0,2.0,2.0,5.0,0.0,11.0,11.0,10.0,302.0,17.0,86.0,0,1,1,4.0,60.0,0,1,2.0,0,1,0,2,3.0,1,0,1,0,67.0,2,2,1,10.666666666666666
0,0,17.0,1,0,1,4.0,2.0,2,2,3,1,2.0,3.0,0.0,0,1,1,0,1,1,1,0,4.0,3.0,3.0,1.0,1.0,3.0,0.0,15.0,12.0,14.0,303.0,24.0,71.0,2,2,1,7.0,81.0,2,1,0.0,1,2,0,2,3.0,0,1,2,1,66.0,0,0,0,13.666666666666666
0,0,17.0,1,0,1,3.0,2.0,1,1,3,0,1.0,3.5,0.0,0,1,1,1,0,1,1,0,5.0,2.0,2.0,1.0,2.0,5.0,0.0,17.0,17.0,18.0,304.0,24.0,60.0,1,2,0,6.0,62.0,0,1,3.5,1,0,1,0,3.0,0,1,2,0,63.0,2,0,1,17.333333333333332
0,1,19.0,1,0,1,3.0,3.0,2,2,1,2,1.0,2.0,0.0,0,1,0,1,1,1,1,1,4.0,4.0,4.0,1.0,1.0,3.0,15.0,15.0,14.0,13.0,305.0,20.0,81.0,2,2,1,5.0,60.0,1,1,3.0,2,2,1,2,4.0,1,1,2,1,66.0,2,2,1,14.0
0,0,18.0,1,0,1,2.0,4.0,3,0,3,2,1.0,2.0,0.0,0,1,1,1,1,1,1,0,4.0,4.0,3.0,1.0,1.0,3.0,8.0,14.0,12.0,12.0,306.0,21.0,84.0,2,2,0,6.0,75.0,1,0,1.0,0,2,1,2,3.0,0,0,1,1,67.0,0,0,1,12.666666666666666
0,1,20.0,1,0,0,3.0,2.0,3,2,0,2,1.0,1.0,0.0,0,0,0,1,1,1,0,0,5.0,5.0,3.0,1.0,1.0,5.0,0.0,17.0,18.0,18.0,307.0,28.0,99.0,2,2,1,6.0,61.0,2,0,1.0,1,2,1,2,3.0,0,1,2,1,71.0,2,0,1,17.666666666666668
0,1,19.0,1,0,1,4.0,4.0,4,3,3,2,2.0,1.0,0.0,0,1,1,0,1,1,1,1,4.0,3.0,4.0,1.0,1.0,4.0,15.0,8.0,9.0,8.0,308.0,16.0,84.0,2,0,1,7.0,86.0,2,1,1.0,1,2,0,1,2.0,0,1,2,0,67.0,0,2,0,8.333333333333334
0,1,19.0,0,0,1,3.0,3.0,2,3,3,0,1.0,2.0,0.0,0,0,0,1,1,1,0,1,4.0,5.0,3.0,1.0,2.0,5.0,0.0,15.0,12.0,12.0,309.0,23.0,79.0,2,0,1,6.0,97.0,2,1,1.0,0,1,1,1,4.0,0,1,1,1,69.0,0,0,1,13.0
0,0,19.0,1,1,1,1.0,1.0,0,2,3,2,1.0,2.0,0.0,1,1,0,1,0,1,1,0,4.0,4.0,3.0,1.0,3.0,3.0,15.0,12.0,10.0,10.0,310.0,19.0,83.0,2,2,1,7.0,70.0,2,1,2.0,1,2,1,0,4.0,1,2,2,0,67.0,2,2,0,10.666666666666666
0,0,19.0,1,1,1,1.0,2.0,3,3,1,2,1.0,2.0,0.0,0,0,0,1,0,1,0,1,4.0,2.0,4.0,2.0,2.0,3.0,0.0,9.0,9.0,4.0,311.0,19.0,97.0,0,2,1,6.0,66.0,0,1,2.0,2,2,0,2,2.0,0,0,1,0,72.0,2,2,1,7.333333333333333
0,0,19.0,1,0,1,2.0,1.0,0,2,2,2,3.0,2.0,0.0,0,1,0,0,1,0,1,1,3.0,4.0,1.0,1.0,1.0,2.0,15.0,14.0,12.0,13.0,312.0,27.0,93.0,0,1,0,6.0,59.0,0,1,2.0,1,2,0,0,4.0,0,1,2,0,70.0,2,0,1,13.0
0,1,19.0,1,0,1,1.0,2.0,2,3,0,2,1.0,2.0,0.0,0,0,0,0,0,1,1,0,4.0,5.0,2.0,2.0,2.0,4.0,3.0,13.0,11.0,11.0,313.0,25.0,73.0,2,0,1,7.0,70.0,1,1,0.0,1,2,0,1,4.0,0,2,1,1,67.0,2,0,0,11.666666666666666
0,0,19.0,1,1,1,3.0,2.0,3,2,3,2,2.0,2.0,0.0,0,1,1,0,0,1,1,1,4.0,2.0,2.0,1.0,2.0,1.0,15.0,13.0,10.0,11.0,314.0,25.0,69.0,1,0,1,7.0,78.0,2,1,0.0,1,0,1,0,3.0,0,1,0,0,64.0,0,0,0,11.333333333333334
0,0,19.0,1,0,1,1.0,1.0,0,1,1,2,1.0,3.0,0.0,0,0,0,0,0,1,1,1,4.0,1.5,2.0,1.0,1.0,3.0,14.0,15.0,13.0,13.0,315.0,28.0,71.0,2,2,0,8.0,69.0,0,1,1.0,2,0,0,1,1.0,0,0,1,0,67.0,2,0,0,13.666666666666666
0,0,19.0,0,0,1,2.0,3.0,2,2,3,2,1.0,3.0,0.0,0,0,0,0,1,1,1,1,4.0,1.5,2.0,1.0,1.0,3.0,15.0,13.0,11.0,11.0,316.0,20.0,80.0,1,0,0,8.0,81.0,2,1,3.0,2,2,0,0,4.0,0,2,2,1,69.0,0,2,0,11.666666666666666
0,0,18.0,1,0,1,2.0,1.0,3,2,0,1,2.0,2.0,0.0,0,1,1,1,1,1,1,0,5.0,3.0,3.0,1.0,2.0,1.0,0.0,8.0,8.0,4.0,317.0,24.0,90.0,1,1,0,7.0,83.0,2,1,0.0,1,2,0,2,3.0,0,0,2,1,68.0,0,0,0,6.666666666666667
0,0,18.0,1,0,1,4.0,3.0,2,2,0,1,1.0,3.0,0.0,0,1,1,1,1,1,1,1,4.0,3.0,4.0,1.0,1.0,5.0,9.0,9.0,10.0,9.0,318.0,18.0,80.0,2,2,0,8.0,55.0,1,1,2.0,1,1,1,1,3.0,0,1,1,1,63.0,2,2,0,9.333333333333334
0,0,17.0,0,0,1,3.0,4.0,0,3,0,0,1.0,3.0,0.0,0,1,1,1,0,1,1,0,4.0,3.0,4.0,2.0,5.0,5.0,0.0,11.0,11.0,10.0,319.0,22.0,63.0,2,0,1,7.0,85.0,2,1,3.5,0,0,1,0,3.0,0,0,2,0,68.0,0,0,0,10.666666666666666
0,0,18.0,1,0,1,4.0,4.0,4,2,0,1,1.0,2.0,0.0,0,1,1,0,1,1,1,0,4.0,4.0,4.0,3.0,3.0,5.0,2.0,11.0,11.0,11.0,320.0,19.0,89.0,0,2,1,7.0,95.0,2,1,0.0,2,2,1,2,3.0,0,1,2,1,70.0,0,2,0,11.0
0,0,17.0,1,0,0,4.0,3.0,3,3,0,1,1.0,2.0,0.0,0,1,1,0,1,1,1,1,5.0,2.0,2.0,1.0,2.0,5.0,15.0,13.0,13.0,13.0,321.0,21.0,92.0,2,1,1,8.0,51.0,1,1,0.0,2,2,1,1,2.0,0,0,1,1,66.0,2,0,0,13.0
0,0,17.0,1,0,1,2.0,2.0,2,2,0,1,1.0,2.0,0.0,0,1,0,0,1,1,0,1,4.0,2.0,2.0,1.0,1.0,3.0,12.0,11.0,9.0,9.0,322.0,24.0,72.0,0,0,0,6.0,78.0,0,1,0.0,1,0,1,0,6.0,0,1,2,0,68.0,0,0,1,9.666666666666666
0,0,17.0,0,1,1,2.0,2.0,3,3,0,1,1.0,3.0,0.0,0,1,1,1,1,1,1,0,3.0,3.0,2.0,2.0,2.0,3.0,3.0,11.0,11.0,11.0,323.0,15.0,87.0,0,1,1,4.0,80.0,0,1,0.0,1,2,0,2,3.0,0,0,2,1,67.0,0,2,1,11.0
0,0,17.0,1,0,1,3.0,1.0,3,3,0,0,1.0,3.0,0.0,0,1,0,0,0,1,1,0,3.0,4.0,3.0,2.0,3.0,5.0,1.0,12.0,14.0,15.0,324.0,33.0,77.0,1,0,1,5.0,85.0,2,1,0.0,1,2,0,1,5.0,0,1,0,0,69.0,0,0,1,13.666666666666666
0,0,17.0,1,1,1,0.0,2.0,0,0,1,0,2.0,3.0,0.0,0,0,0,0,1,1,1,0,3.0,3.0,3.0,2.0,3.0,2.0,0.0,16.0,15.0,15.0,325.0,14.0,96.0,2,1,1,9.0,69.0,0,1,0.0,2,2,0,0,3.0,1,0,2,0,66.0,2,2,0,15.333333333333334
0,1,18.0,1,0,1,4.0,4.0,2,2,0,1,1.0,3.0,0.0,0,0,0,1,1,1,1,0,4.0,3.0,3.0,2.0,2.0,3.0,3.0,9.0,12.0,11.0,326.0,13.0,94.0,2,2,1,7.0,91.0,1,1,3.0,1,2,1,1,3.0,0,1,2,1,68.0,0,2,0,10.666666666666666
0,1,17.0,1,0,1,3.0,3.0,2,3,3,1,1.0,1.0,0.0,0,0,0,1,0,1,1,0,4.0,3.0,5.0,3.0,5.0,5.0,3.0,14.0,15.0,16.0,327.0,27.0,81.0,2,2,1,7.0,77.0,2,1,2.0,2,1,1,1,2.0,1,2,1,0,69.0,0,0,0,15.0
0,1,17.0,0,0,1,2.0,2.0,3,2,0,1,3.5,1.0,0.0,0,1,0,0,1,1,1,0,4.0,4.0,5.0,3.5,5.0,4.0,8.0,11.0,10.0,10.0,328.0,25.0,88.0,2,2,1,7.0,70.0,1,1,1.0,2,2,0,2,3.0,0,2,1,1,70.0,2,0,0,10.333333333333334
0,0,17.0,1,0,1,4.0,4.0,4,3,0,1,1.0,3.0,0.0,0,1,1,1,1,1,1,0,5.0,4.0,4.0,1.0,3.0,4.0,7.0,10.0,9.0,9.0,329.0,24.0,95.0,2,0,1,8.0,86.0,0,1,1.0,2,0,0,1,3.0,0,0,2,1,74.0,0,0,0,9.333333333333334
0,0,17.0,1,0,1,4.0,4.0,4,4,0,1,2.0,3.0,0.0,0,1,1,0,0,1,1,1,4.0,3.0,3.0,1.0,2.0,4.0,4.0,14.0,14.0,14.0,330.0,24.0,80.0,2,0,1,7.0,96.0,0,1,0.0,1,0,1,2,0.0,0,0,1,0,70.0,0,0,0,14.0
0,1,18.0,1,1,1,2.0,2.0,2,2,0,1,1.0,3.5,0.0,0,1,0,1,1,1,1,0,4.0,5.0,5.0,2.0,4.0,5.0,2.0,9.0,8.0,8.0,331.0,20.0,73.0,2,2,1,7.0,91.0,1,1,1.0,2,0,1,1,2.0,0,2,1,1,66.0,0,2,0,8.333333333333334
0,0,17.0,0,0,1,2.0,4.0,0,2,0,0,1.0,3.0,0.0,0,1,0,0,1,1,1,1,4.0,4.0,3.0,1.0,1.0,5.0,7.0,12.0,14.0,14.0,332.0,15.0,90.0,0,2,1,8.0,97.0,2,1,1.0,1,0,0,0,3.0,0,0,2,0,69.0,0,2,0,13.333333333333334
0,0,18.0,1,0,1,3.0,3.0,3,3,1,1,1.0,2.0,0.0,0,0,0,1,1,1,1,0,5.0,3.0,4.0,1.0,1.0,4.0,0.0,7.0,3.0,4.0,333.0,20.0,69.0,2,0,0,6.0,63.0,1,1,0.0,1,2,1,0,3.0,0,2,2,1,64.0,2,2,1,4.666666666666667
0,0,18.0,1,1,1,2.0,2.0,2,2,1,2,1.0,2.0,0.0,0,0,0,1,0,1,1,1,4.0,3.0,3.0,1.0,1.0,2.0,0.0,8.0,8.0,4.0,334.0,16.0,76.0,1,0,1,8.0,56.0,2,0,1.0,1,2,1,2,1.0,0,1,2,1,62.0,2,2,0,6.666666666666667
0,0,18.0,0,0,1,2.0,2.0,0,2,0,1,2.0,3.5,0.0,0,0,0,1,1,1,0,0,4.0,4.0,4.0,1.0,1.0,4.0,0.0,10.0,9.0,4.0,335.0,26.0,95.0,1,0,0,7.0,77.0,2,1,0.0,2,2,1,1,3.0,0,1,1,0,70.0,0,0,0,7.666666666666667
0,0,17.0,1,0,1,3.0,4.0,3,2,0,1,1.0,3.0,0.0,0,0,0,0,1,1,1,0,4.0,4.0,5.0,1.0,3.0,5.0,15.0,16.0,15.0,15.0,336.0,19.0,89.0,0,2,1,7.0,52.0,2,1,2.0,2,2,1,0,4.0,0,1,1,1,68.0,2,2,0,15.333333333333334
0,0,19.0,0,0,0,3.0,1.0,3,0,1,2,1.0,3.0,0.0,0,0,1,0,1,1,0,0,5.0,4.0,3.0,1.0,2.0,5.0,12.0,14.0,13.0,13.0,337.0,15.0,76.0,2,2,1,6.0,84.0,1,1,0.0,2,0,1,1,3.0,0,0,2,0,65.0,0,2,1,13.333333333333334
0,0,17.0,1,0,1,3.0,2.0,2,2,1,1,1.0,2.0,0.0,0,1,1,0,1,1,1,1,4.0,3.0,2.0,2.0,3.0,2.0,0.0,7.0,8.0,4.0,338.0,18.0,69.0,0,0,0,7.0,62.0,1,1,3.0,2,2,1,2,3.0,0,1,1,1,65.0,2,2,0,6.333333333333333
0,0,18.0,1,1,1,3.0,3.0,3,3,1,1,1.0,3.5,0.0,0,1,0,0,1,1,1,0,5.0,3.0,3.0,1.0,1.0,1.0,7.0,16.0,15.0,17.0,339.0,22.0,74.0,0,0,1,6.0,73.0,1,1,3.0,0,0,1,2,4.0,0,2,1,0,71.0,0,0,1,16.0
0,0,17.0,0,0,0,3.0,2.0,2,2,1,1,1.0,2.0,0.0,0,1,1,0,1,1,1,0,4.0,3.0,3.0,2.0,3.0,2.0,4.0,9.0,10.0,10.0,340.0,17.0,71.0,0,2,1,9.0,83.0,1,1,2.0,2,2,1,1,5.0,0,1,2,1,66.0,0,2,0,9.666666666666666
0,0,19.0,1,0,1,2.0,1.0,3,3,1,2,1.0,3.0,0.0,0,0,1,1,1,1,1,1,4.0,3.0,4.0,1.0,3.0,3.0,4.0,11.0,12.0,11.0,341.0,15.0,67.0,2,2,0,4.0,74.0,2,1,0.0,1,2,1,0,3.0,0,0,1,1,61.0,0,2,1,11.333333333333334
0,1,18.0,1,0,1,4.0,4.0,4,3,1,0,1.0,2.0,0.0,0,1,0,1,1,1,1,0,4.0,3.0,3.0,2.0,2.0,2.0,0.0,10.0,10.0,4.0,342.0,21.0,90.0,1,2,1,8.0,62.0,1,1,2.0,2,0,1,0,5.0,1,1,2,1,67.0,2,0,0,8.0
0,1,18.0,1,1,1,3.0,4.0,3,2,1,1,1.0,2.0,0.0,0,0,0,1,1,1,1,1,4.0,3.0,3.0,1.0,3.0,5.0,11.0,16.0,15.0,15.0,343.0,21.0,70.0,1,0,1,4.0,94.0,2,1,0.0,1,0,0,1,2.0,0,0,0,1,65.0,0,0,1,15.333333333333334
0,0,17.0,1,0,0,2.0,2.0,0,0,1,0,1.0,2.0,0.0,0,1,0,0,1,1,1,1,3.0,3.0,1.0,1.0,2.0,4.0,0.0,9.0,8.0,4.0,344.0,17.0,78.0,2,0,0,8.0,88.0,2,1,0.0,1,2,1,0,3.0,0,1,2,0,65.0,0,2,0,7.0
0,0,18.0,1,0,1,2.0,3.0,0,2,0,1,1.0,3.0,0.0,0,1,0,0,1,1,1,0,4.0,3.0,3.0,1.0,2.0,3.0,4.0,11.0,10.0,10.0,345.0,17.0,75.0,2,0,1,6.0,80.0,2,0,1.0,1,2,0,2,5.0,0,1,1,1,65.0,0,2,1,10.333333333333334
0,0,18.0,1,0,1,3.0,2.0,2,3,2,1,1.0,3.0,0.0,0,0,0,0,1,1,1,1,5.0,4.0,3.0,2.0,3.0,1.0,7.0,13.0,13.0,14.0,346.0,21.0,99.0,2,2,0,8.0,85.0,0,1,3.5,2,2,1,2,4.0,0,1,1,1,73.0,0,0,0,13.333333333333334
0,1,18.0,0,0,1,4.0,3.0,4,3,0,1,1.0,3.0,0.0,0,0,0,0,1,1,1,1,5.0,3.0,2.0,1.0,2.0,4.0,9.0,16.0,15.0,16.0,347.0,11.0,76.0,2,2,1,7.0,71.0,2,0,1.0,2,1,1,1,2.0,0,0,2,1,62.0,0,2,0,15.666666666666666
0,1,18.0,1,0,1,4.0,3.0,4,2,0,1,1.0,3.0,0.0,0,1,1,0,1,1,1,1,5.0,4.0,5.0,2.0,3.0,5.0,0.0,10.0,10.0,9.0,348.0,12.0,63.0,2,0,1,5.0,69.0,1,1,0.0,2,0,1,0,2.0,0,0,1,0,60.0,2,2,1,9.666666666666666
0,0,17.0,1,0,1,4.0,3.0,1,2,3,1,1.0,3.0,0.0,0,1,1,1,1,1,1,1,4.0,4.0,3.0,1.0,3.0,4.0,0.0,13.0,15.0,15.0,349.0,16.0,64.0,1,2,1,9.0,58.0,1,1,1.0,2,2,1,2,3.0,0,0,1,0,61.0,2,2,0,14.333333333333334
1,1,18.0,0,0,1,3.0,2.0,2,2,0,1,2.0,1.0,0.0,0,1,0,0,0,1,1,0,2.5,5.0,5.0,3.5,5.0,5.0,10.0,11.0,13.0,13.0,350.0,19.0,84.0,1,2,1,8.0,90.0,0,1,2.0,1,2,0,1,3.0,0,2,0,1,67.0,0,2,0,12.333333333333334
1,1,19.0,0,0,1,1.0,1.0,2,3,1,2,3.0,2.0,0.0,0,0,0,0,1,1,1,0,5.0,4.0,4.0,3.0,3.0,2.0,8.0,8.0,7.0,8.0,351.0,22.0,84.0,0,2,0,8.0,69.0,2,0,3.0,2,0,0,1,4.0,0,0,2,1,70.0,2,0,0,7.666666666666667
1,1,17.0,1,0,1,3.0,3.0,1,2,0,1,2.0,2.0,0.0,0,1,1,0,1,1,1,0,4.0,5.0,4.0,2.0,3.0,3.0,2.0,13.0,13.0,13.0,352.0,29.0,77.0,1,0,0,6.0,85.0,2,1,1.0,2,2,1,2,1.0,0,0,2,1,69.0,0,0,1,13.0
1,1,18.0,1,1,1,1.0,3.0,0,3,0,1,1.0,1.0,0.0,0,0,0,0,1,0,1,1,4.0,3.0,3.0,2.0,3.0,3.0,7.0,8.0,7.0,8.0,353.0,25.0,77.0,2,1,1,8.0,65.0,0,0,0.0,2,2,1,2,5.0,0,0,0,0,66.0,2,0,0,7.666666666666667
1,1,19.0,0,0,1,1.0,1.0,2,2,1,2,3.0,1.0,0.0,0,1,0,0,1,1,1,0,4.0,4.0,4.0,3.0,3.0,5.0,4.0,8.0,8.0,8.0,354.0,19.0,62.0,2,2,0,5.0,90.0,1,1,2.0,1,0,1,2,3.0,0,0,1,1,64.0,0,2,1,8.0
1,1,17.0,0,0,1,4.0,3.0,3,2,1,1,2.0,2.0,0.0,0,1,1,1,0,1,1,1,4.0,5.0,5.0,1.0,3.0,2.0,4.0,13.0,11.0,11.0,355.0,20.0,81.0,0,2,1,4.0,55.0,2,1,1.0,0,2,0,2,2.0,0,2,1,1,68.0,2,2,1,11.666666666666666
1,0,18.0,1,0,1,3.0,3.0,3,3,0,0,1.0,2.0,0.0,0,1,0,0,1,1,0,1,5.0,3.0,4.0,1.0,1.0,5.0,0.0,10.0,9.0,9.0,356.0,14.0,80.0,0,2,1,5.0,81.0,2,1,1.0,1,2,1,2,4.0,0,2,0,0,67.0,0,2,1,9.333333333333334
1,0,17.0,0,0,1,4.0,4.0,4,3,2,0,2.0,2.0,0.0,0,1,1,1,1,1,1,0,4.0,3.0,3.0,1.0,2.0,5.0,4.0,12.0,13.0,13.0,357.0,20.0,66.0,2,2,0,6.0,90.0,0,1,0.0,2,2,1,1,1.0,0,0,2,0,64.0,0,2,1,12.666666666666666
1,0,17.0,1,1,0,3.0,2.0,3,2,3,1,2.0,2.0,0.0,0,0,0,0,1,1,0,1,2.5,2.0,3.0,1.0,2.0,5.0,2.0,12.0,12.0,11.0,358.0,18.0,64.0,2,2,1,6.0,83.0,0,1,2.0,1,2,1,2,2.0,0,0,2,1,65.0,0,2,1,11.666666666666666
1,1,18.0,1,1,1,1.0,1.0,2,3,1,0,2.0,1.0,0.0,0,0,0,0,0,1,1,1,3.0,3.0,2.0,1.0,2.0,3.0,4.0,10.0,10.0,10.0,359.0,22.0,65.0,1,0,1,6.0,85.0,2,1,2.0,0,2,1,2,3.0,1,2,2,0,66.0,0,0,1,10.0
1,0,18.0,1,1,1,1.0,1.0,0,3,0,0,2.0,3.0,0.0,0,0,0,0,1,1,1,0,5.0,3.0,2.0,1.0,1.0,4.0,0.0,18.0,16.0,16.0,360.0,15.0,64.0,2,2,1,6.0,76.0,0,1,2.0,2,2,0,2,4.0,1,1,2,0,63.0,0,2,1,16.666666666666668
1,0,18.0,0,1,0,1.0,4.0,0,2,0,1,3.0,2.0,0.0,0,0,0,0,1,1,0,1,4.0,3.0,4.0,1.0,4.0,5.0,0.0,13.0,13.0,13.0,361.0,23.0,84.0,0,2,1,6.0,78.0,1,1,2.0,1,1,1,0,2.0,0,1,1,0,68.0,0,0,1,13.0
1,1,18.0,0,1,1,1.0,1.0,0,2,2,1,2.0,2.0,0.0,0,0,0,1,0,0,0,0,4.0,4.0,3.0,2.0,3.0,5.0,2.0,13.0,12.0,12.0,362.0,29.0,68.0,2,0,1,4.0,53.0,2,1,1.0,2,2,0,0,4.0,0,1,0,1,66.0,2,0,1,12.333333333333334
1,0,18.0,1,0,1,3.0,3.0,3,3,2,1,2.0,2.0,0.0,0,1,0,0,1,1,1,1,4.0,3.0,2.0,1.0,3.0,3.0,0.0,11.0,11.0,10.0,363.0,19.0,70.0,2,2,0,7.0,63.0,1,0,3.0,1,1,1,1,5.0,0,1,2,1,63.0,2,2,0,10.666666666666666
1,0,17.0,1,1,1,4.0,4.0,0,0,0,1,1.0,2.0,0.0,0,1,1,1,1,1,1,1,2.5,3.0,4.0,1.0,1.0,1.0,0.0,16.0,15.0,15.0,364.0,22.0,67.0,1,2,0,7.0,86.0,1,1,1.0,1,2,1,2,3.0,0,1,1,0,63.0,0,0,0,15.333333333333334
1,0,17.0,0,0,1,1.0,2.0,2,3,0,0,2.0,2.0,0.0,0,0,0,0,0,1,0,0,3.0,2.0,2.0,1.0,2.0,3.0,0.0,12.0,11.0,12.0,365.0,24.0,98.0,0,2,1,6.0,97.0,2,1,1.0,2,2,1,2,4.0,0,0,0,1,74.0,0,0,1,11.666666666666666
1,1,18.0,0,0,1,1.0,3.0,0,2,0,1,2.0,2.0,0.0,0,1,1,0,1,1,0,0,3.0,3.0,4.0,2.0,4.0,3.0,4.0,10.0,10.0,10.0,366.0,18.0,94.0,2,0,1,9.0,77.0,1,1,1.0,2,0,1,2,2.0,0,0,1,1,70.0,0,2,0,10.0
1,1,18.0,1,1,1,4.0,4.0,4,3,2,1,2.0,3.0,0.0,0,0,1,0,1,1,1,1,4.0,2.0,2.0,2.0,2.0,5.0,0.0,13.0,13.0,13.0,367.0,21.0,69.0,0,0,1,7.0,86.0,2,1,2.0,1,2,0,1,3.0,0,1,2,1,68.0,0,0,0,13.0
1,0,17.0,0,0,1,1.0,1.0,2,3,3,1,3.0,1.0,0.0,0,1,1,0,1,1,1,1,5.0,2.0,1.0,1.0,2.0,1.0,0.0,7.0,6.0,4.0,368.0,20.0,73.0,2,2,1,7.0,84.0,2,1,0.0,2,2,1,1,4.0,0,2,1,0,66.0,0,2,0,5.666666666666667
1,0,18.0,1,0,1,2.0,3.0,0,3,0,0,2.0,1.0,0.0,0,1,1,0,1,1,1,1,5.0,2.0,3.0,1.0,2.0,4.0,0.0,11.0,10.0,10.0,369.0,21.0,68.0,2,1,0,8.0,100.0,1,1,0.0,2,2,1,2,4.0,0,1,0,1,63.0,0,0,0,10.333333333333334
1,0,18.0,0,0,1,4.0,4.0,2,4,2,0,3.0,2.0,0.0,0,1,1,0,0,1,1,1,3.0,2.0,2.0,3.5,2.0,5.0,10.0,14.0,12.0,11.0,370.0,15.0,80.0,1,0,0,5.0,90.0,2,1,3.5,1,2,1,2,3.0,0,0,0,0,67.0,0,2,1,12.333333333333334
1,0,19.0,1,1,1,3.0,2.0,3,3,1,2,2.0,2.0,0.0,0,0,0,1,1,1,0,1,3.0,2.0,2.0,1.0,1.0,3.0,4.0,7.0,7.0,9.0,371.0,20.0,61.0,2,2,0,7.0,81.0,2,1,1.0,2,1,1,1,3.0,0,1,1,1,62.0,0,2,0,7.666666666666667
1,1,18.0,0,1,1,1.0,2.0,0,3,2,0,3.0,1.0,0.0,0,1,1,1,1,0,1,1,4.0,3.0,3.0,2.0,3.0,3.0,3.0,14.0,12.0,12.0,372.0,23.0,87.0,0,0,0,8.0,56.0,2,1,1.0,2,0,1,2,3.0,0,2,1,1,71.0,2,0,0,12.666666666666666
1,0,17.0,1,0,1,2.0,2.0,2,0,1,1,1.0,3.0,0.0,0,0,0,1,1,1,0,1,3.0,4.0,3.0,1.0,1.0,3.0,8.0,13.0,11.0,11.0,373.0,29.0,81.0,0,2,0,7.0,68.0,2,1,2.0,2,2,1,1,4.0,0,2,2,1,72.0,2,0,0,11.666666666666666
1,0,17.0,0,0,1,1.0,2.0,2,2,0,1,1.0,1.0,0.0,0,0,0,1,1,1,1,0,3.0,5.0,5.0,1.0,3.0,1.0,14.0,6.0,5.0,5.0,374.0,26.0,96.0,2,2,1,5.0,63.0,2,0,1.0,0,2,0,2,2.0,0,2,2,1,72.0,2,0,1,5.333333333333333
1,0,18.0,0,1,1,4.0,4.0,2,2,3,1,2.0,3.0,0.0,0,0,0,0,1,1,1,0,5.0,4.0,4.0,1.0,1.0,1.0,0.0,19.0,18.0,19.0,375.0,33.0,67.0,2,2,1,6.0,93.0,0,1,0.0,1,0,1,1,3.0,0,1,0,0,68.0,0,0,1,18.666666666666668
1,0,18.0,0,0,1,1.0,1.0,2,2,1,1,3.5,3.0,0.0,0,0,0,0,1,1,1,0,4.0,3.0,2.0,1.0,2.0,4.0,2.0,8.0,8.0,10.0,376.0,15.0,92.0,2,1,1,7.0,72.0,1,1,1.0,2,2,1,0,5.0,0,1,2,0,66.0,0,2,0,8.666666666666666
1,0,20.0,1,0,1,4.0,2.0,1,2,0,2,2.0,3.0,0.0,0,1,1,0,0,1,1,1,5.0,4.0,3.0,1.0,1.0,3.0,4.0,15.0,14.0,15.0,377.0,25.0,92.0,2,2,0,4.0,77.0,2,1,0.0,1,2,1,2,3.0,0,1,2,1,70.0,0,0,1,14.666666666666666
1,0,18.0,0,1,1,4.0,4.0,4,3,0,1,1.0,2.0,0.0,0,0,1,1,1,1,1,0,5.0,4.0,3.0,3.0,4.0,2.0,4.0,8.0,9.0,10.0,378.0,21.0,65.0,2,1,1,5.0,98.0,0,0,2.0,1,2,0,2,4.0,0,2,2,1,66.0,0,0,1,9.0
1,0,18.0,1,0,1,3.0,3.0,2,2,1,1,1.0,2.0,0.0,0,0,1,0,1,1,1,1,4.0,1.5,3.0,1.0,2.0,1.0,0.0,15.0,15.0,15.0,379.0,33.0,76.0,2,2,1,10.0,92.0,1,1,1.0,0,2,0,2,3.0,0,2,2,0,72.0,0,0,0,15.0
1,0,17.0,0,0,1,3.0,1.0,0,2,3,1,1.0,2.0,0.0,0,1,1,1,0,1,1,0,4.0,5.0,4.0,2.0,3.0,1.0,15.0,10.0,10.0,10.0,380.0,15.0,67.0,0,2,1,8.0,89.0,1,1,0.0,0,0,1,1,4.0,0,1,1,0,64.0,0,2,0,10.0
1,1,18.0,1,0,1,4.0,4.0,4,4,1,0,1.0,2.0,0.0,0,0,1,1,0,1,1,0,3.0,2.0,4.0,1.0,4.0,2.0,4.0,15.0,14.0,14.0,381.0,15.0,70.0,0,2,0,9.0,57.0,2,1,1.0,2,2,0,0,3.0,0,1,2,0,63.0,2,2,0,14.333333333333334
1,1,18.0,0,0,1,2.0,1.0,2,2,2,1,2.0,1.0,0.0,0,0,0,1,0,1,1,1,4.0,4.0,3.0,1.0,3.0,5.0,5.0,7.0,6.0,7.0,382.0,16.0,71.0,2,2,0,8.0,51.0,2,1,0.0,1,2,1,0,2.0,0,2,0,0,61.0,2,2,0,6.666666666666667
1,1,17.0,1,0,1,2.0,3.0,2,3,1,0,2.0,2.0,0.0,0,0,0,1,1,1,1,0,4.0,4.0,3.0,1.0,1.0,3.0,2.0,11.0,11.0,10.0,383.0,7.0,82.0,0,0,1,8.0,56.0,2,1,0.0,1,2,0,0,2.0,0,1,0,1,62.0,2,1,0,10.666666666666666
1,1,19.0,0,0,1,1.0,1.0,2,3,2,1,2.0,1.0,0.0,0,0,0,0,1,1,0,0,4.0,3.0,2.0,1.0,3.0,5.0,0.0,6.0,5.0,4.0,384.0,17.0,76.0,2,0,0,7.0,87.0,0,1,1.0,2,0,1,2,4.0,0,1,2,0,68.0,0,2,0,5.0
1,1,18.0,0,0,1,4.0,2.0,2,2,1,0,2.0,1.0,0.0,0,0,1,0,1,1,0,0,5.0,4.0,3.0,3.5,3.0,3.0,14.0,6.0,5.0,5.0,385.0,15.0,98.0,1,2,1,8.0,71.0,1,1,1.0,2,2,1,2,3.0,0,1,2,1,68.0,0,2,0,5.333333333333333
1,0,18.0,0,0,1,2.0,2.0,0,2,2,1,2.0,3.0,0.0,0,0,1,0,1,1,0,0,5.0,3.0,3.0,1.0,3.0,4.0,2.0,10.0,9.0,10.0,386.0,21.0,65.0,1,2,0,9.0,56.0,0,1,1.0,2,2,1,2,5.0,0,1,1,1,63.0,2,0,0,9.666666666666666
1,0,18.0,0,0,1,4.0,4.0,4,0,3,1,3.0,1.0,0.0,0,1,1,1,1,1,1,1,4.0,4.0,3.0,2.0,2.0,5.0,7.0,6.0,5.0,6.0,387.0,22.0,99.0,2,1,1,8.0,87.0,1,1,1.0,2,2,0,1,4.0,0,1,1,0,70.0,0,0,0,5.666666666666667
1,0,19.0,0,0,1,2.0,3.0,3,2,0,1,1.0,3.0,0.0,0,0,0,1,0,1,1,0,5.0,4.0,2.0,1.0,2.0,5.0,0.0,7.0,5.0,4.0,388.0,31.0,69.0,0,1,1,7.0,60.0,2,1,1.0,1,2,1,1,3.0,0,2,2,0,68.0,2,0,0,5.333333333333333
1,0,18.0,1,1,1,3.0,1.0,4,3,0,1,1.0,2.0,0.0,0,1,1,0,1,1,1,0,4.0,3.0,4.0,1.0,1.0,1.0,0.0,7.0,9.0,8.0,389.0,26.0,91.0,0,2,1,7.0,79.0,2,1,1.0,1,2,0,1,5.0,0,1,2,0,72.0,0,0,0,8.0
1,0,18.0,1,0,1,1.0,1.0,2,2,0,1,2.0,2.0,0.0,0,0,0,1,1,1,0,0,2.5,1.5,1.0,1.0,1.0,5.0,0.0,6.0,5.0,4.0,390.0,17.0,74.0,2,2,1,8.0,87.0,2,1,3.5,1,1,1,2,3.0,0,0,2,1,67.0,0,2,0,5.0
1,1,20.0,1,1,0,2.0,2.0,3,3,0,2,1.0,2.0,0.0,0,1,1,0,1,1,0,0,5.0,5.0,4.0,3.5,5.0,4.0,11.0,9.0,9.0,9.0,391.0,15.0,66.0,1,0,0,6.0,80.0,2,0,1.0,1,2,0,1,1.0,0,0,2,1,61.0,0,2,1,9.0
1,1,17.0,1,1,1,3.0,1.0,3,3,0,1,2.0,1.0,0.0,0,0,0,0,0,1,1,0,2.5,4.0,5.0,3.0,4.0,2.0,3.0,14.0,16.0,16.0,392.0,23.0,94.0,1,2,0,8.0,100.0,2,0,0.0,1,2,1,1,3.0,0,2,2,1,69.0,0,0,0,15.333333333333334
1,1,21.0,0,0,1,1.0,1.0,2,2,0,2,1.0,1.0,0.0,0,0,0,0,0,1,0,0,5.0,5.0,3.0,3.0,3.0,3.0,3.0,10.0,8.0,7.0,393.0,12.0,72.0,2,1,1,6.0,72.0,0,1,2.0,1,0,0,0,2.0,0,1,1,0,61.0,0,2,1,8.333333333333334
1,1,18.0,0,1,1,3.0,2.0,3,2,0,1,3.0,1.0,0.0,0,0,0,0,0,1,1,0,4.0,4.0,1.0,3.0,4.0,5.0,0.0,11.0,12.0,10.0,394.0,31.0,86.0,0,0,1,6.0,66.0,2,1,3.0,2,2,1,2,3.0,0,0,1,1,75.0,2,0,1,11.0
1,1,19.0,1,1,1,1.0,1.0,2,0,0,0,1.0,1.0,0.0,0,0,0,0,1,1,1,0,3.0,2.0,3.0,3.0,3.0,5.0,5.0,8.0,9.0,9.0,395.0,27.0,83.0,0,1,0,5.0,60.0,2,1,0.0,0,1,1,1,2.0,0,0,1,0,68.0,2,0,1,8.666666666666666
0,0,18.0,1,0,0,4.0,4.0,0,4,0,1,2.0,2.0,0.0,1,0,0,0,1,1,0,0,4.0,3.0,4.0,1.0,1.0,3.0,6.0,5.0,6.0,6.0,396.0,17.0,79.0,2,1,1,6.0,75.0,1,1,1.0,2,0,1,1,4.0,0,1,2,1,65.0,0,2,1,5.666666666666667
1,1,19.0,0,0,1,1.0,1.0,2,3,2,1,2.0,1.0,0.0,0,0,0,0,1,1,0,0,4.0,3.0,2.0,1.0,3.0,5.0,0.0,6.0,5.0,4.0,397.0,10.0,80.0,0,2,1,6.0,93.0,0,1,3.5,2,2,1,0,3.0,0,0,1,0,67.0,0,1,1,5.0
0,0,18.0,1,0,0,4.0,4.0,0,4,0,1,2.0,2.0,0.0,1,0,0,0,1,1,0,0,4.0,3.0,4.0,1.0,1.0,3.0,4.0,3.0,11.0,11.0,398.0,28.0,89.0,2,0,1,10.0,97.0,0,1,3.0,2,1,1,0,6.0,0,1,2,0,75.0,0,0,0,8.333333333333334
0,0,17.0,1,0,1,1.0,1.0,0,2,0,0,1.0,2.0,0.0,0,1,0,0,0,1,1,0,5.0,3.0,3.0,1.0,1.0,3.0,2.0,9.0,11.0,11.0,399.0,19.0,64.0,1,2,0,6.0,99.0,2,1,1.0,2,2,1,2,3.0,0,0,2,1,64.0,0,2,1,10.333333333333334
0,0,15.0,1,1,1,1.0,1.0,0,2,2,1,1.0,2.0,0.0,1,0,0,0,1,1,1,0,4.0,3.0,2.0,2.0,3.0,3.0,6.0,12.0,13.0,12.0,400.0,27.0,87.0,2,2,0,8.0,77.0,2,1,1.0,1,0,1,1,4.0,0,1,1,1,70.0,0,0,0,12.333333333333334
0,0,15.0,1,0,1,4.0,2.0,1,3,1,1,1.0,3.0,0.0,0,1,0,1,1,1,1,1,3.0,2.0,2.0,1.0,1.0,5.0,0.0,14.0,14.0,14.0,401.0,10.0,96.0,0,0,0,6.0,80.0,2,0,0.0,2,2,1,1,4.0,0,1,1,0,67.0,0,1,1,14.0
0,0,16.0,1,0,1,3.0,3.0,2,2,1,0,1.0,2.0,0.0,0,1,0,0,1,1,0,0,4.0,3.0,2.0,1.0,2.0,5.0,0.0,11.0,13.0,13.0,402.0,16.0,62.0,2,2,1,7.0,79.0,1,1,2.0,2,2,1,1,3.0,0,1,2,1,63.0,0,2,0,12.333333333333334
0,1,16.0,1,1,1,4.0,3.0,3,2,3,1,1.0,2.0,0.0,0,1,0,1,1,1,1,0,5.0,4.0,2.0,1.0,2.0,5.0,6.0,12.0,12.0,13.0,403.0,20.0,66.0,0,0,0,7.0,73.0,2,1,1.0,2,2,1,0,4.0,0,0,2,0,65.0,0,2,0,12.333333333333334
0,1,16.0,1,1,1,2.0,2.0,2,2,1,1,1.0,2.0,0.0,0,0,0,0,1,1,1,0,4.0,4.0,4.0,1.0,1.0,3.0,0.0,13.0,12.0,13.0,404.0,20.0,89.0,2,2,1,4.0,58.0,2,1,1.0,2,2,1,2,3.0,0,1,0,0,67.0,2,2,1,12.666666666666666
0,0,17.0,1,0,0,4.0,4.0,2,4,1,1,2.0,2.0,0.0,1,1,0,0,1,1,0,0,4.0,1.5,4.0,1.0,1.0,1.0,2.0,10.0,13.0,13.0,405.0,17.0,77.0,1,0,1,5.0,53.0,2,1,2.0,0,2,1,1,3.0,0,0,2,1,75.0,2,2,1,12.0
0,1,15.0,1,1,0,3.0,2.0,3,2,1,1,1.0,2.0,0.0,0,1,0,0,1,1,1,0,4.0,2.0,2.0,1.0,1.0,1.0,0.0,15.0,16.0,17.0,406.0,24.0,76.0,1,0,0,6.0,72.0,0,1,3.0,2,0,1,1,3.0,1,1,1,0,67.0,0,0,1,16.0
0,1,15.0,1,0,1,3.0,4.0,2,2,1,1,1.0,2.0,0.0,0,1,0,1,1,1,1,0,5.0,5.0,1.0,1.0,1.0,5.0,0.0,12.0,12.0,13.0,407.0,14.0,65.0,0,2,0,5.0,59.0,1,1,1.0,0,2,1,2,4.0,0,2,0,1,63.0,2,2,1,12.333333333333334
0,0,15.0,1,0,1,4.0,4.0,4,1,3,1,1.0,2.0,0.0,0,1,0,0,1,1,1,0,3.0,3.0,3.0,1.0,2.0,2.0,2.0,14.0,14.0,14.0,408.0,19.0,80.0,2,2,0,7.0,94.0,2,1,0.0,2,1,1,1,3.0,0,0,1,0,66.0,0,2,0,14.0
0,0,15.0,1,0,1,2.0,1.0,3,2,3,0,3.0,3.0,0.0,0,1,0,1,1,1,1,0,5.0,2.0,2.0,1.0,1.0,4.0,0.0,10.0,12.0,13.0,409.0,21.0,65.0,0,0,0,7.0,88.0,1,1,2.0,1,2,0,1,1.0,0,1,2,1,65.0,0,0,0,11.666666666666666
0,1,15.0,1,1,1,4.0,4.0,1,3,0,0,1.0,1.0,0.0,0,1,0,1,1,1,1,0,4.0,3.0,3.0,1.0,3.0,5.0,0.0,12.0,13.0,12.0,410.0,23.0,79.0,2,2,0,5.0,81.0,2,1,1.0,2,2,0,1,3.0,0,1,2,0,67.0,0,0,1,12.333333333333334
0,1,15.0,1,0,1,4.0,3.0,4,2,0,1,2.0,2.0,0.0,0,1,0,0,1,1,1,0,5.0,4.0,3.0,1.0,2.0,3.0,0.0,12.0,12.0,13.0,411.0,24.0,91.0,2,2,0,7.0,52.0,1,1,0.0,0,0,1,1,4.0,0,0,2,1,69.0,2,0,0,12.333333333333334
0,1,15.0,1,0,0,2.0,2.0,2,2,1,2,1.0,3.0,0.0,0,1,0,0,1,1,1,1,4.0,5.0,2.0,1.0,1.0,3.0,0.0,14.0,14.0,15.0,412.0,13.0,70.0,0,0,0,6.0,81.0,2,1,2.0,2,1,1,2,2.0,0,2,2,1,66.0,0,2,1,14.333333333333334
0,0,16.0,1,0,1,4.0,4.0,1,2,1,1,1.0,1.0,0.0,0,1,0,0,1,1,1,0,4.0,4.0,4.0,1.0,2.0,2.0,6.0,17.0,17.0,17.0,413.0,11.0,79.0,2,2,1,7.0,81.0,2,1,1.0,0,2,1,1,2.0,0,1,1,1,64.0,0,2,0,17.0
0,0,16.0,1,0,1,4.0,4.0,3,3,3,1,1.0,3.0,0.0,0,1,0,1,1,1,1,0,3.0,2.0,3.0,1.0,2.0,2.0,10.0,13.0,13.0,14.0,414.0,28.0,100.0,0,1,1,6.0,72.0,2,1,1.0,1,2,1,0,2.0,0,2,2,0,73.0,0,0,1,13.333333333333334
0,0,16.0,1,0,1,3.0,3.0,2,2,3,1,3.0,2.0,0.0,1,1,0,1,1,1,0,0,5.0,3.0,2.0,1.0,1.0,4.0,2.0,13.0,14.0,14.0,415.0,22.0,87.0,1,2,0,8.0,83.0,1,1,1.0,1,2,1,1,1.0,0,0,0,1,66.0,0,0,0,13.666666666666666
0,1,17.0,1,0,1,3.0,2.0,3,3,0,1,1.0,1.0,0.0,0,1,1,1,1,1,1,0,5.0,5.0,5.0,2.0,4.0,5.0,2.0,8.0,8.0,7.0,416.0,16.0,94.0,2,2,0,9.0,93.0,1,1,1.0,1,2,1,0,4.0,0,2,2,0,68.0,0,2,0,7.666666666666667
0,1,16.0,1,1,1,4.0,3.0,1,2,1,0,1.0,1.0,0.0,0,0,0,1,1,1,1,0,3.0,1.5,3.0,1.0,3.0,5.0,6.0,12.0,12.0,12.0,417.0,29.0,77.0,0,1,1,8.0,88.0,1,1,0.0,2,0,1,2,4.0,0,0,1,1,70.0,0,0,0,12.0
0,1,15.0,1,0,1,4.0,3.0,4,2,3,1,1.0,2.0,0.0,0,0,0,0,1,1,1,0,4.0,4.0,1.0,1.0,1.0,1.0,0.0,12.0,13.0,14.0,418.0,21.0,91.0,0,2,0,9.0,74.0,2,1,2.0,1,1,0,0,2.0,0,1,2,0,69.0,0,0,0,13.0
0,1,15.0,1,0,1,4.0,4.0,1,1,2,0,1.0,1.0,0.0,0,1,1,0,1,1,1,0,5.0,4.0,2.0,1.0,1.0,5.0,0.0,11.0,12.0,12.0,419.0,27.0,62.0,2,0,1,5.0,63.0,1,1,3.5,0,2,1,0,4.0,0,1,2,0,67.0,2,0,1,11.666666666666666
0,1,16.0,1,1,1,4.0,2.0,4,2,0,1,1.0,2.0,0.0,0,0,0,1,1,1,1,0,4.0,5.0,1.0,1.0,3.0,5.0,0.0,12.0,13.0,14.0,420.0,20.0,65.0,2,1,0,6.0,74.0,1,1,0.0,2,2,0,2,3.0,0,0,1,1,62.0,0,2,1,13.0
0,1,16.0,1,1,1,2.0,2.0,2,2,3,1,2.0,2.0,0.0,0,1,0,1,1,1,1,0,5.0,4.0,4.0,2.0,4.0,5.0,2.0,10.0,10.0,10.0,421.0,32.0,68.0,2,1,0,8.0,97.0,0,1,1.0,1,2,1,2,2.0,0,1,2,1,68.0,0,0,0,10.0
0,0,15.0,0,0,1,2.0,4.0,3,1,0,1,1.0,3.0,0.0,1,1,0,1,1,1,1,0,4.0,3.0,2.0,1.0,1.0,5.0,2.0,10.0,11.0,10.0,422.0,31.0,76.0,2,0,1,9.0,91.0,2,1,1.0,1,2,0,1,4.0,0,2,2,1,72.0,0,0,0,10.333333333333334
0,0,16.0,1,0,1,2.0,2.0,3,3,1,1,1.0,1.0,0.0,0,1,0,0,0,1,1,0,2.5,2.0,2.0,1.0,3.0,5.0,6.0,10.0,11.0,12.0,423.0,19.0,94.0,1,2,0,8.0,51.0,2,1,3.0,2,1,0,2,5.0,0,2,2,1,69.0,2,2,0,11.0
0,1,15.0,1,0,1,2.0,2.0,2,2,1,1,1.0,1.0,0.0,0,1,0,0,1,1,1,0,4.0,2.0,2.0,1.0,2.0,5.0,8.0,11.0,12.0,12.0,424.0,26.0,74.0,1,1,0,5.0,89.0,1,1,3.0,0,0,0,0,2.0,0,1,2,1,66.0,0,0,1,11.666666666666666
0,1,15.0,1,0,1,4.0,2.0,1,3,2,1,1.0,1.0,0.0,0,0,0,0,1,1,1,0,2.5,2.0,4.0,2.0,4.0,1.0,0.0,11.0,11.0,11.0,425.0,24.0,86.0,0,0,0,6.0,59.0,2,1,1.0,1,2,1,2,3.0,0,1,1,0,70.0,2,0,1,11.0
0,1,16.0,1,1,0,3.0,4.0,3,2,1,1,1.0,2.0,0.0,1,1,1,1,1,1,1,0,5.0,3.0,3.0,1.0,1.0,5.0,2.0,12.0,12.0,13.0,426.0,28.0,88.0,0,2,0,8.0,79.0,2,1,0.0,2,2,1,2,3.0,0,1,0,1,71.0,0,0,0,12.333333333333334
0,1,16.0,1,0,1,4.0,4.0,4,4,1,1,1.0,2.0,0.0,0,1,1,1,1,1,1,1,4.0,4.0,5.0,3.5,5.0,5.0,4.0,12.0,11.0,12.0,427.0,14.0,83.0,2,2,1,7.0,90.0,2,1,0.0,1,1,1,0,3.0,0,0,2,0,65.0,0,2,0,11.666666666666666
0,1,15.0,1,0,1,4.0,4.0,1,3,1,1,1.0,2.0,0.0,0,1,1,0,0,1,1,0,5.0,4.0,2.0,3.0,4.0,5.0,0.0,10.0,11.0,11.0,428.0,24.0,74.0,0,2,1,6.0,78.0,2,1,3.0,1,0,1,2,3.0,0,0,2,0,70.0,0,0,1,10.666666666666666
0,1,15.0,1,0,1,4.0,4.0,3,3,3,1,2.0,2.0,0.0,0,1,0,1,1,1,1,0,4.0,3.0,1.0,1.0,1.0,5.0,2.0,15.0,15.0,15.0,429.0,26.0,83.0,1,1,0,7.0,70.0,0,0,2.0,2,0,1,0,4.0,1,1,1,1,65.0,2,0,0,15.0
0,1,15.0,0,0,1,4.0,3.0,4,0,0,1,1.0,2.0,0.0,0,1,0,1,1,1,1,1,4.0,5.0,2.0,1.0,1.0,5.0,0.0,13.0,14.0,15.0,430.0,9.0,74.0,2,0,0,7.0,66.0,1,1,1.0,0,0,0,1,3.0,0,1,0,0,62.0,2,1,0,14.0
0,1,15.0,1,1,1,3.0,3.0,2,2,0,1,1.0,2.0,0.0,0,0,0,1,0,1,1,0,5.0,3.0,2.0,1.0,1.0,2.0,0.0,13.0,12.0,12.0,431.0,13.0,63.0,0,2,1,5.0,65.0,2,1,2.0,0,2,0,1,2.0,0,1,0,1,62.0,2,2,1,12.333333333333334
0,1,16.0,1,0,1,3.0,2.0,2,2,1,1,1.0,1.0,0.0,0,1,0,0,0,1,1,0,5.0,4.0,3.0,1.0,1.0,5.0,4.0,12.0,12.0,12.0,432.0,8.0,100.0,0,2,1,8.0,92.0,2,1,1.0,2,0,1,1,3.0,0,2,1,0,70.0,0,1,0,12.0
0,0,15.0,1,0,1,2.0,3.0,2,2,2,0,2.0,1.0,0.0,0,1,0,1,1,1,0,0,3.0,5.0,1.0,1.0,1.0,5.0,4.0,11.0,11.0,11.0,433.0,18.0,65.0,2,0,1,6.0,91.0,2,0,3.5,1,2,0,1,3.0,0,0,2,1,66.0,0,2,1,11.0
0,1,15.0,1,1,1,4.0,3.0,4,3,1,1,1.0,3.0,0.0,0,1,0,1,1,1,1,0,5.0,4.0,3.0,1.0,1.0,4.0,0.0,14.0,14.0,14.0,434.0,24.0,63.0,0,1,1,7.0,91.0,1,1,3.5,1,2,0,2,4.0,0,1,2,0,67.0,0,0,0,14.0
0,1,16.0,0,0,0,4.0,4.0,2,4,3,1,2.0,3.0,0.0,0,1,0,1,1,1,1,1,2.5,4.0,3.0,1.0,1.0,5.0,4.0,13.0,13.0,13.0,435.0,29.0,95.0,2,1,0,9.0,64.0,2,1,1.0,2,0,1,2,3.0,0,1,2,0,72.0,2,0,0,13.0
0,0,15.0,0,0,1,3.0,4.0,3,1,0,1,1.0,3.0,0.0,1,1,0,1,1,1,1,0,4.0,3.0,2.0,1.0,1.0,5.0,2.0,11.0,12.0,12.0,436.0,20.0,72.0,0,1,1,7.0,90.0,1,1,0.0,1,0,0,0,3.0,0,2,2,0,66.0,0,2,0,11.666666666666666
0,0,15.0,0,0,1,2.0,2.0,0,2,3,1,1.0,1.0,0.0,1,1,0,1,1,1,0,0,4.0,3.0,1.0,1.0,1.0,2.0,8.0,14.0,13.0,12.0,437.0,30.0,86.0,2,1,1,8.0,52.0,2,1,2.0,2,2,1,0,2.0,1,0,1,0,68.0,2,0,0,13.0
0,0,16.0,1,1,1,2.0,2.0,2,2,1,1,2.0,2.0,0.0,0,1,0,1,0,1,1,1,3.0,3.0,3.0,1.0,2.0,3.0,15.0,11.0,11.0,10.0,438.0,12.0,73.0,0,2,0,5.0,60.0,2,1,1.0,1,2,1,0,4.0,0,1,1,1,62.0,2,2,1,10.666666666666666
0,1,15.0,1,1,1,4.0,4.0,4,2,1,2,1.0,1.0,0.0,0,1,0,0,0,1,1,1,5.0,4.0,3.0,2.0,4.0,5.0,8.0,10.0,11.0,11.0,439.0,10.0,76.0,1,2,1,8.0,76.0,2,1,2.0,0,0,0,2,3.0,1,2,1,1,64.0,0,1,0,10.666666666666666
0,1,15.0,1,0,1,4.0,4.0,3,4,0,0,1.0,2.0,0.0,0,1,0,1,1,1,1,0,4.0,3.0,3.0,1.0,1.0,5.0,0.0,14.0,15.0,15.0,440.0,20.0,70.0,2,2,0,8.0,70.0,2,1,0.0,1,2,1,1,5.0,0,2,2,0,65.0,2,2,0,14.666666666666666
0,1,15.0,1,0,1,2.0,2.0,3,3,0,0,1.0,1.0,0.0,1,1,0,0,1,1,1,0,5.0,4.0,1.0,1.0,1.0,1.0,0.0,9.0,10.0,10.0,441.0,22.0,74.0,2,1,1,6.0,56.0,1,1,3.5,2,0,1,0,3.0,0,2,1,1,66.0,2,0,1,9.666666666666666
0,0,16.0,1,1,1,2.0,2.0,2,0,0,0,2.0,2.0,0.0,1,0,0,1,1,1,1,0,4.0,3.0,3.0,2.0,2.0,5.0,14.0,10.0,11.0,11.0,442.0,20.0,76.0,2,1,0,7.0,52.0,2,1,2.0,1,0,0,1,3.0,0,1,2,0,64.0,2,2,0,10.666666666666666
0,0,15.0,1,1,0,4.0,3.0,2,2,0,1,1.0,2.0,0.0,1,1,1,1,1,1,1,1,5.0,2.0,2.0,1.0,1.0,5.0,4.0,10.0,11.0,11.0,443.0,8.0,89.0,2,0,1,7.0,81.0,1,1,3.5,1,2,1,1,3.0,0,0,2,1,67.0,0,1,0,10.666666666666666
0,0,16.0,1,1,0,3.0,3.0,2,3,1,1,1.0,2.0,0.0,0,1,0,0,1,1,1,0,2.5,3.0,5.0,1.0,4.0,3.0,6.0,13.0,12.0,13.0,444.0,19.0,80.0,0,2,1,7.0,66.0,1,1,3.5,2,2,1,0,4.0,0,0,2,0,69.0,2,2,0,12.666666666666666
0,1,16.0,1,0,1,4.0,3.0,1,3,3,1,1.0,3.5,0.0,0,0,0,1,1,1,1,0,4.0,2.0,2.0,1.0,1.0,2.0,2.0,17.0,17.0,17.0,445.0,12.0,98.0,0,2,1,8.0,51.0,2,1,0.0,2,1,1,2,5.0,0,2,1,1,68.0,2,2,0,17.0
0,1,15.0,1,0,1,4.0,2.0,4,2,1,1,1.0,2.0,0.0,0,1,0,0,1,1,0,0,4.0,3.0,3.0,2.0,2.0,5.0,4.0,11.0,12.0,13.0,446.0,24.0,62.0,2,2,0,6.0,72.0,0,1,2.0,1,1,1,1,4.0,0,1,2,1,64.0,0,0,1,12.0
0,0,15.0,1,0,1,4.0,4.0,3,4,2,0,1.0,2.0,0.0,1,1,0,1,0,1,1,0,4.0,4.0,4.0,1.0,1.0,3.0,2.0,13.0,12.0,12.0,447.0,22.0,80.0,0,2,1,7.0,65.0,2,1,2.0,0,2,0,1,2.0,0,1,1,0,68.0,2,0,0,12.333333333333334
0,0,16.0,1,1,1,2.0,2.0,3,3,0,1,3.0,2.0,0.0,0,1,0,0,1,1,1,0,4.0,3.0,3.0,2.0,3.0,4.0,0.0,14.0,13.0,13.0,448.0,14.0,83.0,1,1,1,9.0,79.0,2,1,1.0,2,1,1,2,3.0,0,1,2,1,64.0,0,2,0,13.333333333333334
0,0,15.0,1,1,1,4.0,2.0,1,2,2,1,1.0,2.0,0.0,0,1,0,0,1,1,1,0,4.0,3.0,3.0,1.0,1.0,5.0,0.0,16.0,14.0,16.0,449.0,17.0,97.0,2,0,0,9.0,96.0,0,1,0.0,0,2,1,0,1.0,0,2,2,1,71.0,0,2,0,15.333333333333334
0,1,15.0,1,1,0,4.0,2.0,1,1,2,0,2.0,1.0,0.0,0,0,0,0,1,1,0,0,5.0,5.0,5.0,3.0,4.0,5.0,4.0,10.0,9.0,9.0,450.0,14.0,62.0,0,0,1,8.0,65.0,1,1,3.0,1,2,1,0,2.0,0,1,0,1,61.0,2,2,0,9.333333333333334
0,0,15.0,1,0,1,4.0,4.0,3,3,0,1,1.0,1.0,0.0,1,1,0,0,1,1,1,0,3.0,3.0,4.0,2.0,3.0,5.0,0.0,13.0,12.0,12.0,451.0,20.0,83.0,1,2,0,7.0,100.0,2,1,3.5,1,2,1,0,3.0,0,0,2,1,68.0,0,2,0,12.333333333333334
0,0,15.0,1,1,0,3.0,3.0,2,2,2,1,1.0,1.0,0.0,0,0,0,0,1,1,1,0,5.0,3.0,4.0,3.5,4.0,1.0,0.0,13.0,12.0,13.0,452.0,26.0,94.0,0,2,1,10.0,54.0,1,1,2.0,0,2,1,1,5.0,0,1,2,1,73.0,2,0,0,12.666666666666666
0,0,16.0,1,0,0,2.0,1.0,2,2,2,1,1.0,2.0,0.0,0,0,0,1,1,1,1,1,5.0,3.0,4.0,1.0,1.0,2.0,2.0,12.0,13.0,12.0,453.0,14.0,70.0,0,2,1,9.0,54.0,2,0,3.0,2,2,1,2,1.0,0,0,2,1,64.0,2,2,0,12.333333333333334
0,0,15.0,1,0,0,4.0,3.0,3,3,3,1,1.0,2.0,0.0,0,1,0,1,1,1,1,0,4.0,3.0,2.0,1.0,1.0,1.0,0.0,15.0,14.0,15.0,454.0,23.0,95.0,2,2,1,7.0,86.0,2,1,3.0,1,2,1,2,4.0,1,2,0,1,72.0,0,0,0,14.666666666666666
0,1,15.0,1,0,1,4.0,4.0,4,1,3,1,1.0,2.0,0.0,0,1,0,1,1,1,0,0,3.0,2.0,2.0,1.0,1.0,5.0,8.0,15.0,15.0,16.0,455.0,17.0,61.0,2,2,1,7.0,87.0,0,1,3.5,2,2,1,1,3.0,0,1,2,1,65.0,0,2,0,15.333333333333334
0,1,15.0,1,1,1,1.0,2.0,2,0,1,0,1.0,2.0,0.0,1,1,0,1,1,1,1,0,4.0,3.0,2.0,1.0,1.0,5.0,0.0,14.0,13.0,14.0,456.0,15.0,89.0,2,2,1,6.0,71.0,2,1,1.0,2,0,1,2,4.0,0,1,2,0,68.0,0,2,1,13.666666666666666
0,0,16.0,1,0,1,4.0,2.0,3,2,0,1,1.0,2.0,0.0,0,1,1,0,1,1,1,0,4.0,2.0,3.0,1.0,1.0,5.0,2.0,16.0,15.0,16.0,457.0,19.0,97.0,0,1,1,8.0,64.0,2,1,2.0,1,0,1,2,3.0,0,1,2,1,71.0,2,2,0,15.666666666666666
0,0,16.0,0,0,1,4.0,4.0,1,4,2,1,1.0,2.0,0.0,0,1,0,1,1,1,0,0,2.5,4.0,4.0,2.0,3.0,4.0,0.0,17.0,16.0,16.0,458.0,14.0,86.0,2,1,1,8.0,90.0,2,0,3.0,2,2,1,0,3.0,1,2,2,1,65.0,0,2,0,16.333333333333332
0,0,16.0,1,0,1,1.0,1.0,3,3,0,0,3.5,1.0,0.0,1,1,0,1,0,1,1,1,5.0,5.0,5.0,3.5,5.0,5.0,0.0,10.0,10.0,16.0,459.0,17.0,78.0,2,2,0,8.0,98.0,1,1,2.0,2,2,0,2,2.0,0,1,2,1,66.0,0,2,0,12.0
0,0,16.0,1,1,1,1.0,2.0,2,3,3,0,1.0,2.0,0.0,1,0,0,1,1,1,1,0,4.0,4.0,3.0,1.0,1.0,1.0,0.0,13.0,13.0,10.0,460.0,13.0,62.0,1,0,0,7.0,99.0,2,1,3.5,2,1,1,2,1.0,0,2,1,0,63.0,0,2,0,12.0
0,0,16.0,1,0,1,4.0,3.0,4,1,1,1,1.0,3.0,0.0,1,1,0,1,1,1,1,0,3.0,4.0,4.0,2.0,4.0,4.0,0.0,14.0,13.0,13.0,461.0,32.0,97.0,2,0,0,5.0,82.0,2,1,1.0,2,2,1,1,3.0,0,1,1,1,74.0,0,0,1,13.333333333333334
0,0,15.0,1,1,1,4.0,3.0,3,3,3,0,1.0,2.0,0.0,1,0,0,1,1,1,1,1,4.0,4.0,4.0,2.0,4.0,2.0,0.0,13.0,12.0,12.0,462.0,20.0,79.0,0,1,1,7.0,87.0,1,0,2.0,2,0,0,1,4.0,1,1,2,0,66.0,0,2,0,12.333333333333334
0,0,16.0,1,1,1,4.0,3.0,4,3,0,1,3.0,2.0,0.0,0,1,0,1,1,1,1,0,5.0,4.0,3.0,1.0,2.0,1.0,2.0,16.0,15.0,16.0,463.0,16.0,61.0,2,1,0,8.0,91.0,0,1,2.0,2,0,1,1,3.0,0,0,1,1,63.0,0,2,0,15.666666666666666
0,1,15.0,1,0,0,4.0,4.0,2,3,3,1,1.0,3.5,0.0,0,1,0,1,0,1,1,1,2.5,3.0,3.0,3.5,5.0,3.0,0.0,11.0,12.0,12.0,464.0,21.0,88.0,0,2,1,6.0,90.0,0,1,2.0,0,2,0,1,4.0,0,1,1,1,72.0,0,0,1,11.666666666666666
0,0,16.0,1,0,1,3.0,1.0,3,2,0,1,1.0,3.5,0.0,1,1,0,0,1,1,1,0,4.0,3.0,3.0,1.0,2.0,5.0,0.0,10.0,9.0,10.0,465.0,19.0,79.0,2,0,0,7.0,100.0,1,1,1.0,0,0,1,2,2.0,0,0,0,0,69.0,0,2,0,9.666666666666666
0,0,15.0,0,1,1,2.0,2.0,1,3,3,1,2.0,2.0,0.0,1,1,0,0,1,1,1,0,4.0,1.5,3.0,1.0,3.0,4.0,0.0,11.0,10.0,11.0,466.0,19.0,65.0,2,0,1,9.0,91.0,2,1,1.0,2,0,1,2,4.0,0,0,2,1,67.0,0,2,0,10.666666666666666
0,0,15.0,0,1,1,3.0,1.0,2,2,3,0,2.0,3.5,0.0,0,1,0,0,0,1,1,0,4.0,4.0,2.0,2.0,3.0,3.0,6.0,15.0,15.0,15.0,467.0,24.0,69.0,1,0,0,5.0,83.0,1,1,3.0,1,2,0,1,3.0,0,1,2,1,66.0,0,0,1,15.0
0,1,16.0,1,0,1,3.0,1.0,2,2,3,0,2.0,3.5,0.0,0,1,0,0,1,1,1,0,4.0,3.0,2.0,1.0,1.0,5.0,2.0,13.0,11.0,11.0,468.0,25.0,63.0,0,2,0,7.0,69.0,2,1,0.0,1,0,0,0,5.0,0,1,1,0,64.0,2,0,0,11.666666666666666
0,1,15.0,1,0,1,4.0,2.0,2,2,0,1,1.0,3.5,0.0,0,0,0,0,1,1,1,0,3.0,3.0,3.0,1.0,1.0,3.0,0.0,11.0,9.0,10.0,469.0,17.0,83.0,1,2,0,9.0,80.0,2,1,3.5,2,0,1,0,2.0,0,0,2,0,67.0,0,2,0,10.0
0,0,15.0,0,0,1,1.0,1.0,2,2,3,1,1.0,2.0,0.0,1,1,0,0,0,1,1,1,3.0,3.0,4.0,2.0,4.0,5.0,2.0,13.0,11.0,11.0,470.0,17.0,85.0,2,1,0,7.0,94.0,0,1,3.5,1,2,1,2,3.0,0,0,2,0,69.0,0,2,0,11.666666666666666
0,1,16.0,1,0,1,3.0,1.0,2,2,3,1,1.0,1.0,0.0,0,0,0,1,1,1,0,0,5.0,3.0,2.0,2.0,2.0,5.0,0.0,13.0,13.0,14.0,471.0,18.0,80.0,2,1,1,6.0,65.0,2,1,2.0,1,0,1,0,2.0,0,0,2,0,65.0,2,2,1,13.333333333333334
0,0,16.0,1,0,1,3.0,3.0,2,3,1,1,1.0,2.0,0.0,1,1,0,1,1,1,1,0,4.0,3.0,3.0,2.0,4.0,5.0,4.0,11.0,11.0,11.0,472.0,6.0,93.0,2,2,0,7.0,52.0,0,1,0.0,2,2,1,1,2.0,0,0,2,0,64.0,2,1,0,11.0
0,1,15.0,1,0,1,4.0,3.0,4,2,1,1,1.0,2.0,0.0,0,1,0,1,1,1,1,0,4.0,3.0,3.0,2.0,3.0,5.0,0.0,11.0,11.0,11.0,473.0,11.0,94.0,2,1,1,8.0,66.0,0,0,1.0,0,1,1,1,4.0,0,1,2,0,65.0,2,2,0,11.0
0,1,15.0,1,0,1,4.0,0.0,4,2,0,1,2.0,3.5,0.0,0,0,0,1,1,1,1,0,3.0,4.0,3.0,1.0,1.0,1.0,0.0,12.0,11.0,11.0,474.0,28.0,85.0,2,0,1,7.0,98.0,2,1,2.0,1,0,0,2,1.0,1,1,2,1,72.0,0,0,0,11.333333333333334
0,0,16.0,1,0,1,2.0,2.0,2,2,3,1,1.0,3.5,0.0,0,0,0,0,1,1,1,1,5.0,2.0,3.0,1.0,3.0,3.0,1.0,13.0,13.0,13.0,475.0,30.0,61.0,1,0,1,8.0,90.0,2,1,2.0,1,0,1,0,2.0,0,1,1,0,66.0,0,0,0,13.0
0,1,17.0,1,0,1,2.0,1.0,2,2,1,1,2.0,1.0,0.0,1,1,0,1,1,0,1,0,4.0,5.0,1.0,1.0,1.0,3.0,0.0,9.0,9.0,10.0,476.0,19.0,88.0,2,1,0,7.0,59.0,2,1,2.0,1,2,1,1,3.0,0,0,2,0,66.0,2,2,0,9.333333333333334
0,0,16.0,1,0,1,3.0,4.0,0,2,0,1,1.0,2.0,0.0,0,1,0,0,1,1,1,0,2.5,4.0,3.0,1.0,2.0,3.0,14.0,12.0,11.0,11.0,477.0,23.0,77.0,0,0,1,7.0,51.0,2,1,1.0,1,1,0,2,3.0,0,0,1,1,67.0,2,0,0,11.333333333333334
0,1,15.0,1,0,1,2.0,3.0,2,3,0,0,1.0,1.0,0.0,1,1,0,1,0,1,1,1,3.0,2.0,2.0,1.0,3.0,3.0,0.0,11.0,11.0,12.0,478.0,22.0,83.0,2,2,1,8.0,83.0,0,1,1.0,0,2,0,0,3.0,1,2,1,1,69.0,0,0,0,11.333333333333334
0,1,15.0,1,0,1,2.0,3.0,2,2,1,1,1.0,3.0,0.0,1,0,0,0,0,1,1,0,5.0,3.0,2.0,1.0,2.0,5.0,2.0,10.0,9.0,9.0,479.0,36.0,86.0,1,0,1,7.0,79.0,1,1,3.0,1,2,1,0,3.0,0,1,2,1,73.0,0,0,0,9.333333333333334
0,0,15.0,1,1,1,3.0,2.0,3,2,3,1,1.0,2.0,0.0,0,1,0,0,1,1,1,0,4.0,4.0,4.0,1.0,1.0,5.0,4.0,12.0,11.0,11.0,480.0,27.0,74.0,2,0,0,6.0,54.0,2,1,3.0,2,2,1,1,3.0,0,0,2,0,69.0,2,0,1,11.333333333333334
0,1,15.0,1,1,1,2.0,2.0,3,3,1,1,2.0,2.0,0.0,0,0,1,1,1,1,1,0,5.0,3.0,3.0,1.0,3.0,4.0,2.0,13.0,12.0,13.0,481.0,19.0,97.0,2,1,0,8.0,98.0,2,1,1.0,1,2,0,1,4.0,1,1,2,1,68.0,0,2,0,12.666666666666666
0,0,15.0,1,0,1,1.0,1.0,2,2,1,0,1.0,2.0,0.0,0,1,0,1,0,1,1,0,4.0,3.0,2.0,2.0,3.0,4.0,2.0,13.0,12.0,12.0,482.0,14.0,65.0,1,2,1,7.0,81.0,2,1,1.0,1,2,1,2,3.0,0,1,1,0,61.0,0,2,0,12.333333333333334
0,0,15.0,1,0,1,4.0,4.0,3,3,3,0,2.0,2.0,0.0,0,0,0,0,1,1,1,1,4.0,4.0,4.0,2.0,3.0,5.0,4.0,12.0,11.0,12.0,483.0,10.0,87.0,2,1,1,6.0,83.0,2,0,0.0,1,2,1,2,4.0,0,1,2,1,63.0,0,1,1,11.666666666666666
0,0,16.0,1,1,1,2.0,2.0,0,2,0,1,1.0,2.0,0.0,0,1,0,0,1,1,0,0,4.0,3.0,4.0,1.0,2.0,2.0,6.0,13.0,11.0,11.0,484.0,21.0,60.0,2,0,1,8.0,93.0,1,1,0.0,1,2,1,2,2.0,0,1,0,0,63.0,0,0,0,11.666666666666666
0,0,15.0,1,0,1,4.0,2.0,2,2,3,1,1.0,3.0,0.0,0,1,0,1,1,1,1,0,5.0,3.0,3.0,1.0,3.0,1.0,4.0,15.0,15.0,15.0,485.0,15.0,97.0,1,2,1,9.0,67.0,2,1,1.0,1,0,1,1,2.0,0,0,2,1,68.0,2,2,0,15.0
0,1,16.0,1,0,1,2.0,2.0,3,2,3,0,2.0,2.0,0.0,0,0,0,1,0,1,1,0,4.0,4.0,2.0,1.0,1.0,3.0,6.0,12.0,10.0,11.0,486.0,11.0,65.0,2,0,0,7.0,78.0,2,1,2.0,1,2,1,1,3.0,0,2,2,0,63.0,0,2,0,11.0
0,1,16.0,1,1,0,4.0,4.0,4,1,3,1,1.0,2.0,0.0,0,1,0,0,1,1,0,0,4.0,1.5,3.0,3.0,5.0,5.0,6.0,9.0,9.0,10.0,487.0,16.0,64.0,0,2,1,7.0,79.0,2,1,3.0,2,2,0,2,4.0,1,2,2,0,66.0,0,2,0,9.333333333333334
0,0,16.0,1,0,1,3.0,3.0,2,2,1,1,1.0,3.0,0.0,0,1,0,0,1,1,1,1,4.0,3.0,3.0,1.0,3.0,4.0,2.0,9.0,11.0,11.0,488.0,14.0,73.0,0,2,1,5.0,98.0,2,1,2.0,1,2,1,0,4.0,0,1,1,0,65.0,0,2,1,10.333333333333334
0,0,15.0,1,0,1,4.0,3.0,3,2,3,1,1.0,1.0,0.0,0,0,0,1,1,1,1,0,4.0,5.0,5.0,1.0,3.0,1.0,6.0,14.0,13.0,13.0,489.0,30.0,75.0,0,0,0,7.0,57.0,0,1,0.0,1,2,1,1,1.0,1,0,2,0,68.0,2,0,0,13.333333333333334
0,0,16.0,1,1,1,3.0,1.0,2,2,1,0,1.0,2.0,0.0,1,1,0,0,1,1,0,0,3.0,3.0,3.0,2.0,3.0,2.0,0.0,12.0,13.0,12.0,490.0,25.0,69.0,2,2,1,7.0,88.0,0,1,0.0,1,2,1,0,4.0,0,0,2,0,66.0,0,0,0,12.333333333333334
0,0,16.0,1,0,1,4.0,2.0,4,3,1,1,2.0,2.0,0.0,0,1,0,1,1,1,1,0,5.0,3.0,3.0,1.0,1.0,1.0,2.0,13.0,14.0,14.0,491.0,20.0,83.0,1,1,0,7.0,79.0,1,0,2.0,2,2,1,2,5.0,0,2,1,1,66.0,0,2,0,13.666666666666666
0,1,15.0,1,1,1,2.0,2.0,3,1,3,1,1.0,3.5,0.0,0,1,0,1,1,1,1,0,4.0,3.0,4.0,1.0,1.0,4.0,2.0,11.0,12.0,12.0,492.0,29.0,78.0,0,2,0,6.0,92.0,2,1,2.0,1,2,0,0,4.0,0,1,2,1,70.0,0,0,1,11.666666666666666
0,0,15.0,0,0,1,1.0,1.0,0,2,1,1,2.0,3.5,0.0,1,1,1,1,1,1,1,0,3.0,1.5,2.0,1.0,1.0,1.0,4.0,13.0,13.0,13.0,493.0,20.0,61.0,1,1,1,8.0,92.0,2,1,0.0,2,2,1,0,2.0,0,1,2,0,61.0,0,2,0,13.0
0,1,16.0,0,0,1,4.0,3.0,3,2,3,1,2.0,1.0,0.0,1,1,1,1,0,1,1,0,3.0,3.0,3.0,1.0,1.0,4.0,6.0,9.0,11.0,11.0,494.0,15.0,73.0,2,1,1,7.0,51.0,2,1,2.0,1,0,0,0,3.0,0,1,1,1,61.0,2,2,0,10.333333333333334
0,0,16.0,1,0,1,2.0,1.0,2,2,0,1,1.0,2.0,0.0,0,1,0,0,1,1,0,1,4.0,3.0,5.0,1.0,1.0,5.0,0.0,13.0,12.0,12.0,495.0,29.0,92.0,2,2,1,10.0,63.0,0,1,1.0,1,0,0,0,4.0,0,1,1,1,71.0,2,0,0,12.333333333333334
0,0,16.0,1,0,1,4.0,4.0,2,2,3,1,1.0,1.0,0.0,0,0,0,1,0,1,1,0,5.0,3.0,4.0,1.0,2.0,1.0,4.0,12.0,13.0,13.0,496.0,23.0,88.0,1,2,1,7.0,59.0,2,1,1.0,2,2,1,0,2.0,0,1,2,1,67.0,2,0,0,12.666666666666666
0,0,16.0,1,0,1,4.0,3.0,2,0,0,1,1.0,3.0,0.0,1,1,0,0,1,1,1,0,5.0,3.0,5.0,1.0,1.0,3.0,2.0,12.0,13.0,13.0,497.0,14.0,89.0,0,0,1,4.0,73.0,2,1,2.0,2,0,1,0,3.0,0,0,2,1,70.0,0,2,1,12.666666666666666
0,1,16.0,1,0,1,4.0,4.0,3,3,2,1,1.0,1.0,0.0,1,1,0,1,1,1,1,0,4.0,5.0,5.0,3.5,5.0,4.0,12.0,9.0,9.0,8.0,498.0,19.0,88.0,0,2,0,5.0,95.0,2,1,2.0,1,2,0,0,4.0,0,0,1,1,69.0,0,2,1,8.666666666666666
0,1,16.0,1,0,1,4.0,4.0,3,4,2,0,1.0,3.0,0.0,0,1,0,1,1,1,1,1,4.0,4.0,3.0,1.0,1.0,4.0,0.0,16.0,16.0,16.0,499.0,15.0,72.0,0,0,0,8.0,50.0,2,1,2.0,2,2,1,1,4.0,0,1,2,0,65.0,1,2,0,16.0
0,1,15.0,1,0,1,4.0,4.0,3,2,0,1,1.0,1.0,0.0,0,1,1,1,0,1,1,0,5.0,3.0,3.0,1.0,1.0,5.0,2.0,12.0,13.0,12.0,500.0,12.0,64.0,0,1,1,6.0,74.0,0,1,0.0,2,2,1,2,2.0,0,1,1,1,61.0,0,2,1,12.333333333333334
0,0,15.0,1,0,1,3.0,2.0,3,2,1,1,2.0,2.0,0.0,1,1,0,0,1,1,1,0,4.0,3.0,5.0,1.0,1.0,2.0,15.0,11.0,10.0,10.0,501.0,26.0,71.0,2,1,0,6.0,94.0,1,1,3.0,1,2,1,2,4.0,0,2,2,1,68.0,0,0,1,10.333333333333334
0,1,15.0,1,0,0,3.0,4.0,3,2,0,1,1.0,2.0,0.0,0,1,0,1,1,1,1,0,5.0,4.0,4.0,1.0,1.0,1.0,0.0,16.0,16.0,16.0,502.0,31.0,93.0,0,1,1,5.0,96.0,2,1,2.0,1,2,1,2,2.0,0,1,2,1,74.0,0,0,1,16.0
0,0,15.0,1,0,0,3.0,3.0,2,1,3,0,1.0,3.5,0.0,1,0,0,0,1,1,0,0,4.0,3.0,3.0,1.0,1.0,4.0,10.0,10.0,10.0,10.0,503.0,12.0,99.0,2,2,0,6.0,83.0,1,1,1.0,2,2,1,0,3.0,0,1,2,0,67.0,0,2,1,10.0
0,0,15.0,1,0,1,2.0,2.0,2,2,0,1,1.0,3.5,0.0,1,1,0,0,1,1,1,0,5.0,1.5,2.0,1.0,1.0,3.0,4.0,10.0,10.0,10.0,504.0,23.0,80.0,2,2,1,7.0,91.0,1,1,3.5,0,2,1,0,1.0,0,1,2,0,70.0,0,0,0,10.0
0,1,16.0,1,0,1,3.0,3.0,3,2,1,0,1.0,3.0,0.0,0,1,0,1,1,1,1,0,5.0,3.0,3.0,1.0,1.0,5.0,4.0,13.0,14.0,14.0,505.0,16.0,60.0,1,2,1,8.0,66.0,1,1,1.0,0,0,0,1,2.0,1,1,1,0,59.0,2,2,0,13.666666666666666
0,1,15.0,0,0,1,4.0,4.0,2,2,1,0,3.5,3.5,0.0,0,1,0,1,1,1,1,1,2.5,3.0,5.0,3.0,5.0,1.0,8.0,12.0,10.0,11.0,506.0,17.0,66.0,0,0,0,5.0,64.0,1,1,0.0,2,0,0,1,2.0,0,0,2,1,64.0,2,2,1,11.0
0,0,16.0,1,1,1,4.0,4.0,1,1,2,1,1.0,3.0,0.0,0,1,0,1,1,1,1,1,5.0,4.0,5.0,1.0,1.0,4.0,2.0,15.0,15.0,14.0,507.0,16.0,73.0,0,2,1,8.0,52.0,2,1,2.0,2,0,1,2,4.0,0,0,2,0,66.0,2,2,0,14.666666666666666
0,1,15.0,1,1,0,4.0,4.0,4,4,0,1,1.0,1.0,0.0,0,0,0,1,1,1,1,0,5.0,5.0,3.0,1.0,1.0,4.0,4.0,13.0,14.0,14.0,508.0,15.0,83.0,1,1,1,5.0,75.0,2,1,1.0,2,2,1,1,3.0,0,1,0,0,63.0,0,2,1,13.666666666666666
0,0,16.0,0,0,1,3.0,3.0,3,2,3,0,1.0,3.0,0.0,1,1,0,1,1,1,1,0,4.0,1.5,2.0,1.0,1.0,2.0,4.0,11.0,11.0,11.0,509.0,20.0,63.0,1,1,1,8.0,73.0,1,1,0.0,0,2,1,1,3.0,0,0,2,0,61.0,0,2,0,11.0
0,0,16.0,1,0,1,2.0,2.0,0,2,1,1,1.0,2.0,0.0,1,0,0,1,1,1,1,0,3.0,1.5,2.0,1.0,1.0,5.0,12.0,8.0,10.0,10.0,510.0,15.0,98.0,1,0,1,8.0,69.0,1,1,2.0,1,2,1,1,4.0,0,1,1,0,68.0,2,2,0,9.333333333333334
0,1,15.0,1,1,1,4.0,2.0,4,2,0,1,1.0,1.0,0.0,0,0,0,0,1,1,1,0,3.0,5.0,2.0,1.0,1.0,3.0,10.0,18.0,17.0,18.0,511.0,22.0,75.0,2,2,0,6.0,56.0,1,1,3.0,2,2,0,2,3.0,0,1,0,1,65.0,2,0,1,17.666666666666668
0,1,15.0,0,0,1,2.0,1.0,1,3,3,1,1.0,2.0,0.0,0,0,0,1,1,1,1,1,5.0,4.0,2.0,1.0,1.0,5.0,4.0,10.0,9.0,10.0,512.0,20.0,97.0,2,0,0,5.0,62.0,2,1,1.0,2,2,0,1,4.0,0,1,0,1,69.0,2,2,1,9.666666666666666
0,1,16.0,1,0,1,4.0,4.0,4,4,0,0,1.0,2.0,0.0,0,1,0,1,1,1,1,0,5.0,4.0,4.0,1.0,2.0,5.0,6.0,16.0,14.0,14.0,513.0,19.0,91.0,0,1,1,8.0,60.0,2,1,2.0,1,2,0,1,4.0,0,1,1,1,68.0,2,2,0,14.666666666666666
0,1,15.0,1,0,1,4.0,4.0,2,4,3,0,2.0,2.0,0.0,0,1,0,1,1,1,0,0,4.0,4.0,3.0,1.0,1.0,2.0,4.0,16.0,15.0,16.0,514.0,15.0,90.0,2,1,1,6.0,97.0,1,1,2.0,0,0,1,2,2.0,0,1,2,1,69.0,0,2,1,15.666666666666666
0,1,16.0,1,0,1,3.0,3.0,2,3,1,0,2.0,1.0,0.0,0,0,0,1,1,1,1,0,5.0,4.0,2.0,1.0,1.0,5.0,6.0,14.0,14.0,15.0,515.0,17.0,84.0,2,1,1,7.0,98.0,0,1,1.0,1,0,1,1,2.0,0,0,0,0,67.0,0,2,0,14.333333333333334
0,1,17.0,0,0,1,1.0,3.0,2,2,0,0,3.0,2.0,0.0,0,1,0,1,1,1,1,0,5.0,2.0,4.0,1.0,4.0,5.0,14.0,12.0,11.0,11.0,516.0,25.0,85.0,0,0,0,8.0,50.0,0,1,1.0,0,2,1,1,1.0,0,0,1,0,70.0,1,0,0,11.333333333333334
0,1,15.0,1,0,1,3.0,4.0,2,2,3,0,1.0,1.0,0.0,0,0,0,0,1,1,1,0,3.0,4.0,3.0,1.0,2.0,4.0,2.0,14.0,13.0,14.0,517.0,23.0,86.0,2,2,1,8.0,59.0,1,1,1.0,1,2,1,1,3.0,0,2,1,0,68.0,2,0,0,13.666666666666666
0,0,15.0,1,0,1,1.0,2.0,0,3,0,1,1.0,2.0,0.0,0,0,0,0,0,1,1,0,3.0,2.0,3.0,1.0,2.0,1.0,0.0,14.0,14.0,14.0,518.0,14.0,85.0,2,2,0,6.0,94.0,1,1,0.0,0,2,1,2,4.0,0,0,2,1,67.0,0,2,1,14.0
0,1,15.0,1,0,1,2.0,2.0,3,3,1,0,1.0,3.5,0.0,0,1,0,1,1,1,1,0,5.0,5.0,4.0,1.0,2.0,5.0,6.0,14.0,13.0,13.0,519.0,21.0,82.0,0,2,0,7.0,52.0,2,1,3.5,1,2,1,1,3.0,0,1,0,1,67.0,2,0,0,13.333333333333334
0,0,16.0,1,1,1,2.0,4.0,2,1,0,0,2.0,2.0,0.0,0,1,0,1,1,1,1,1,4.0,2.0,2.0,1.0,2.0,5.0,2.0,14.0,12.0,13.0,520.0,25.0,99.0,0,2,1,6.0,97.0,0,1,0.0,2,2,1,2,3.0,0,0,1,1,75.0,0,0,1,13.0
0,1,16.0,1,0,1,4.0,4.0,1,2,0,1,1.0,1.0,0.0,0,1,0,1,1,1,1,0,3.0,4.0,4.0,1.0,4.0,5.0,4.0,12.0,13.0,13.0,521.0,10.0,89.0,1,1,1,8.0,69.0,1,1,3.0,1,2,1,0,4.0,0,0,1,1,63.0,2,1,0,12.666666666666666
0,0,16.0,1,0,1,2.0,2.0,2,2,1,1,1.0,2.0,0.0,0,0,0,0,1,1,1,1,5.0,4.0,4.0,1.0,1.0,5.0,0.0,12.0,11.0,11.0,522.0,23.0,91.0,1,2,0,9.0,77.0,0,1,1.0,1,2,1,2,5.0,0,1,2,1,70.0,0,0,0,11.333333333333334
0,1,15.0,1,0,1,3.0,4.0,3,3,1,0,1.0,1.0,0.0,1,0,0,0,1,1,1,0,5.0,5.0,5.0,3.0,2.0,5.0,2.0,9.0,9.0,9.0,523.0,16.0,95.0,2,1,1,6.0,88.0,1,1,2.0,0,0,1,2,4.0,0,1,2,0,70.0,0,2,1,9.0
0,0,15.0,1,1,0,3.0,4.0,2,2,1,1,1.0,2.0,0.0,1,0,0,1,1,1,1,1,5.0,3.0,2.0,1.0,1.0,1.0,0.0,10.0,11.0,11.0,524.0,23.0,69.0,2,0,1,7.0,62.0,2,1,1.0,2,2,1,1,4.0,1,1,0,1,64.0,2,0,0,10.666666666666666
0,0,19.0,1,0,1,0.0,1.0,0,2,0,2,1.0,2.0,0.0,0,1,0,0,0,0,0,0,3.0,4.0,2.0,1.0,1.0,5.0,0.0,9.0,10.0,11.0,525.0,15.0,63.0,2,1,0,8.0,55.0,1,1,0.0,2,1,1,1,3.0,0,0,2,0,59.0,2,2,0,10.0
0,1,16.0,0,0,1,4.0,4.0,4,4,0,1,1.0,1.0,0.0,0,0,0,1,1,1,1,0,3.0,5.0,5.0,2.0,5.0,4.0,8.0,14.0,14.0,15.0,526.0,9.0,79.0,2,1,0,7.0,90.0,0,1,1.0,0,1,1,1,3.0,0,1,2,1,63.0,0,1,0,14.333333333333334
0,1,16.0,1,0,1,2.0,3.0,2,2,0,1,2.0,3.0,0.0,0,1,0,0,0,1,1,1,3.0,2.0,3.0,2.0,2.0,1.0,4.0,13.0,12.0,13.0,527.0,10.0,81.0,0,2,1,8.0,99.0,2,0,2.0,2,2,1,2,4.0,0,2,1,0,67.0,0,1,0,12.666666666666666
0,0,15.0,0,0,1,3.0,4.0,3,4,0,0,2.0,3.0,0.0,0,1,0,0,1,1,1,1,4.0,2.0,2.0,2.0,2.0,5.0,0.0,10.0,11.0,12.0,528.0,20.0,93.0,1,0,1,7.0,83.0,2,1,0.0,2,2,0,0,2.0,1,1,2,1,68.0,0,2,0,11.0
0,0,18.0,1,0,1,2.0,1.0,3,2,3,1,1.0,2.0,0.0,0,1,0,1,1,0,1,1,5.0,4.0,5.0,1.0,3.0,5.0,10.0,10.0,9.0,8.0,529.0,22.0,78.0,2,2,1,5.0,91.0,1,1,0.0,2,0,0,0,3.0,0,2,2,1,68.0,0,0,1,9.0
0,0,17.0,1,1,0,2.0,1.0,2,2,0,1,3.0,1.0,0.0,0,1,0,0,1,1,1,0,3.0,2.0,2.0,1.0,2.0,5.0,8.0,11.0,10.0,11.0,530.0,15.0,83.0,2,2,0,7.0,97.0,2,1,2.0,1,0,0,1,2.0,0,1,2,0,75.0,0,2,0,10.666666666666666
0,0,15.0,1,0,1,1.0,1.0,0,2,0,1,3.0,1.0,0.0,0,1,0,1,0,1,1,1,4.0,3.0,3.0,1.0,2.0,4.0,6.0,11.0,12.0,13.0,531.0,24.0,81.0,2,1,0,9.0,61.0,2,1,1.0,1,1,1,2,4.0,0,0,2,0,66.0,2,0,0,12.0
0,0,17.0,1,1,1,2.0,2.0,2,2,0,0,1.0,1.0,0.0,0,1,0,0,1,1,1,1,3.0,4.0,4.0,1.0,3.0,5.0,2.0,13.0,12.0,12.0,532.0,10.0,62.0,2,1,0,7.0,68.0,0,1,3.0,2,2,1,1,3.0,0,2,2,1,61.0,2,1,0,12.333333333333334
0,0,16.0,1,0,0,3.0,4.0,3,2,0,0,1.0,1.0,0.0,0,0,0,0,1,1,1,0,3.0,2.0,1.0,1.0,4.0,5.0,12.0,15.0,13.0,14.0,533.0,20.0,85.0,0,2,0,9.0,61.0,0,1,2.0,0,2,1,2,3.0,0,0,2,1,70.0,2,2,0,14.0
0,1,16.0,1,0,1,2.0,1.0,0,2,0,1,3.5,1.0,0.0,0,0,0,0,1,1,0,0,3.0,2.0,1.0,1.0,1.0,2.0,4.0,9.0,9.0,11.0,534.0,13.0,93.0,1,1,1,4.0,53.0,0,1,1.0,2,1,1,2,1.0,0,2,2,1,65.0,2,2,1,9.666666666666666
0,0,16.0,1,0,0,2.0,2.0,2,2,1,1,1.0,1.0,0.0,0,0,0,0,1,1,0,0,5.0,3.0,4.0,1.0,1.0,5.0,12.0,13.0,11.0,11.0,535.0,16.0,66.0,1,2,1,8.0,87.0,0,1,3.0,2,2,1,2,2.0,0,1,1,0,64.0,0,2,0,11.666666666666666
0,1,15.0,0,0,1,3.0,4.0,0,4,0,1,3.5,2.0,0.0,0,1,0,0,1,1,0,1,5.0,3.0,3.0,1.0,1.0,5.0,2.0,12.0,11.0,11.0,536.0,20.0,84.0,2,0,1,6.0,57.0,0,1,2.0,2,2,1,2,4.0,0,1,0,0,69.0,2,2,1,11.333333333333334
0,0,15.0,1,0,1,4.0,4.0,3,0,0,1,1.0,3.0,0.0,0,1,0,1,1,1,1,1,4.0,3.0,3.0,1.0,1.0,5.0,4.0,13.0,14.0,15.0,537.0,15.0,84.0,2,0,0,6.0,55.0,1,1,1.0,2,2,0,0,2.0,0,1,2,1,64.0,2,2,1,14.0
0,1,17.0,0,0,1,3.0,4.0,0,2,0,1,3.0,2.0,0.0,0,0,0,0,1,1,0,0,5.0,4.0,5.0,2.0,4.0,5.0,2.0,10.0,9.0,10.0,538.0,18.0,67.0,1,1,1,9.0,68.0,1,1,2.0,1,0,0,0,2.0,0,2,2,1,61.0,2,2,0,9.666666666666666
0,0,16.0,0,0,1,1.0,1.0,0,2,0,1,3.5,2.0,0.0,0,1,0,0,1,1,0,0,5.0,1.5,3.0,1.0,1.0,3.0,0.0,14.0,13.0,13.0,539.0,26.0,65.0,1,2,0,7.0,53.0,1,1,3.0,0,2,1,2,2.0,0,1,2,0,64.0,2,0,0,13.333333333333334
0,1,18.0,1,1,1,3.0,1.0,3,3,0,1,2.0,1.0,0.0,0,0,0,1,1,1,1,1,3.0,3.0,4.0,3.5,5.0,4.0,2.0,11.0,11.0,12.0,540.0,17.0,99.0,2,0,0,6.0,59.0,2,1,0.0,2,2,1,1,3.0,0,1,1,1,68.0,2,2,1,11.333333333333334
0,0,18.0,1,0,0,3.0,2.0,2,3,0,2,1.0,3.0,0.0,0,1,0,1,0,1,1,1,4.0,3.0,3.0,3.5,1.0,5.0,10.0,12.0,11.0,11.0,541.0,25.0,76.0,2,0,0,8.0,53.0,0,1,1.0,0,0,1,2,3.0,1,1,0,0,67.0,2,0,0,11.333333333333334
0,0,16.0,0,0,1,1.0,1.0,2,3,3,1,2.0,1.0,0.0,0,1,0,1,1,1,0,1,3.0,3.0,3.0,1.0,2.0,1.0,8.0,12.0,11.0,11.0,542.0,13.0,69.0,0,1,0,4.0,94.0,2,1,3.0,1,1,1,2,3.0,1,1,2,1,62.0,0,2,1,11.333333333333334
0,0,16.0,1,0,0,3.0,3.0,2,2,0,2,2.0,1.0,0.0,0,1,0,1,0,1,1,1,4.0,3.0,2.0,1.0,1.0,5.0,4.0,9.0,9.0,10.0,543.0,23.0,67.0,2,2,1,9.0,89.0,2,1,2.0,1,0,1,1,2.0,0,1,2,0,66.0,0,0,0,9.333333333333334
0,1,16.0,1,1,1,1.0,1.0,3,2,0,1,1.0,2.0,0.0,0,0,0,0,1,1,0,1,4.0,4.0,4.0,1.0,3.0,5.0,0.0,10.0,10.0,10.0,544.0,29.0,87.0,2,0,1,10.0,93.0,0,1,1.0,1,2,1,1,4.0,0,1,1,1,72.0,0,0,0,10.0
0,0,15.0,1,0,1,4.0,4.0,4,4,0,1,2.0,1.0,0.0,0,0,0,1,1,1,1,0,4.0,3.0,2.0,1.0,1.0,5.0,6.0,13.0,14.0,14.0,545.0,5.0,84.0,2,2,1,8.0,93.0,0,1,3.5,0,0,1,2,3.0,0,0,1,1,68.0,0,1,0,13.666666666666666
0,0,15.0,0,0,1,1.0,1.0,2,2,0,1,3.0,1.0,0.0,0,0,0,1,1,1,1,1,5.0,5.0,5.0,1.0,1.0,1.0,2.0,8.0,9.0,9.0,546.0,15.0,86.0,2,0,1,8.0,97.0,2,1,3.5,0,2,1,2,3.0,0,1,2,1,71.0,0,2,0,8.666666666666666
0,1,15.0,1,0,1,4.0,3.0,4,3,0,0,2.0,3.5,0.0,1,1,0,0,1,1,1,0,2.5,2.0,2.0,1.0,1.0,3.0,6.0,9.0,11.0,11.0,547.0,23.0,64.0,2,2,1,7.0,59.0,0,1,3.0,2,2,1,2,2.0,0,1,1,0,65.0,2,0,0,10.333333333333334
0,0,15.0,1,0,0,3.0,3.0,3,3,1,1,1.0,2.0,0.0,0,0,0,0,0,1,0,1,2.5,3.0,2.0,2.0,3.0,1.0,15.0,9.0,8.0,9.0,548.0,19.0,96.0,2,1,1,5.0,95.0,1,0,2.0,2,1,0,1,3.0,0,1,1,0,68.0,0,2,1,8.666666666666666
0,1,16.0,1,0,1,4.0,4.0,3,3,0,1,1.0,3.0,0.0,0,1,0,1,1,1,1,0,5.0,3.0,3.0,1.0,3.0,5.0,0.0,15.0,13.0,13.0,549.0,22.0,76.0,2,1,0,9.0,76.0,2,1,2.0,1,0,1,1,5.0,0,1,0,0,65.0,0,0,0,13.666666666666666
0,1,16.0,1,1,1,2.0,2.0,3,3,3,0,2.0,1.0,0.0,0,1,0,1,1,1,1,0,2.5,3.0,3.0,2.0,2.0,2.0,4.0,12.0,11.0,11.0,550.0,16.0,73.0,0,1,1,8.0,58.0,2,1,1.0,2,2,1,1,4.0,0,1,2,0,64.0,2,2,0,11.333333333333334
0,0,15.0,1,0,1,4.0,4.0,4,3,0,1,1.0,3.0,0.0,0,1,0,1,1,1,1,0,4.0,2.0,2.0,1.0,1.0,5.0,2.0,13.0,13.0,13.0,551.0,21.0,78.0,2,1,0,8.0,83.0,2,1,2.0,2,2,1,2,4.0,1,1,0,1,65.0,0,0,0,13.0
0,0,16.0,1,1,1,1.0,1.0,0,0,0,1,1.0,1.0,0.0,0,0,0,0,1,1,1,0,3.0,4.0,4.0,3.0,3.0,1.0,4.0,10.0,11.0,11.0,552.0,19.0,76.0,0,0,1,8.0,66.0,1,1,0.0,1,0,0,0,4.0,1,1,2,1,65.0,2,2,0,10.666666666666666
0,1,17.0,1,0,1,2.0,1.0,2,2,1,1,1.0,1.0,0.0,0,1,0,0,1,1,1,0,5.0,4.0,5.0,1.0,2.0,5.0,15.0,9.0,7.0,6.0,553.0,27.0,95.0,0,2,0,7.0,52.0,0,1,3.0,2,0,0,0,3.0,0,0,1,0,73.0,2,0,0,7.333333333333333
0,0,15.0,1,0,1,1.0,1.0,2,3,0,0,1.0,2.0,0.0,0,1,0,0,1,1,1,0,4.0,4.0,2.0,1.0,2.0,5.0,0.0,12.0,12.0,12.0,554.0,22.0,97.0,2,0,1,6.0,54.0,2,1,1.0,1,0,1,2,3.0,0,2,2,1,72.0,2,0,1,12.0
0,0,15.0,1,1,0,2.0,1.0,0,2,1,1,2.0,1.0,0.0,0,1,0,1,1,0,1,1,4.0,4.0,2.0,1.0,1.0,5.0,0.0,11.0,10.0,10.0,555.0,22.0,72.0,1,2,1,10.0,71.0,2,1,1.0,2,2,0,0,1.0,0,0,2,1,64.0,0,0,0,10.333333333333334
0,0,15.0,1,0,1,3.0,2.0,1,3,1,0,1.0,2.0,0.0,0,1,0,0,1,1,1,0,3.0,3.0,2.0,1.0,1.0,3.0,2.0,11.0,11.0,11.0,556.0,18.0,95.0,2,2,1,7.0,91.0,1,1,0.0,1,2,1,2,4.0,1,2,1,1,69.0,0,2,0,11.0
0,0,15.0,1,0,1,1.0,2.0,0,2,0,1,1.0,2.0,0.0,0,1,0,0,0,1,1,0,4.0,3.0,2.0,1.0,1.0,5.0,6.0,13.0,12.0,13.0,557.0,17.0,91.0,2,2,0,6.0,66.0,0,1,1.0,0,2,0,2,3.0,0,1,2,1,69.0,2,2,1,12.666666666666666
0,0,15.0,1,0,1,1.0,2.0,0,3,0,0,1.0,2.0,0.0,0,0,0,0,0,1,0,1,2.5,3.0,4.0,2.0,4.0,1.0,6.0,11.0,11.0,11.0,558.0,17.0,97.0,2,0,1,9.0,88.0,2,0,0.0,2,2,1,2,2.0,0,1,2,1,70.0,0,2,0,11.0
0,1,16.0,1,0,1,4.0,4.0,4,4,0,1,1.0,1.0,0.0,0,1,0,0,1,0,1,1,3.0,3.0,2.0,2.0,1.0,5.0,15.0,9.0,9.0,8.0,559.0,22.0,70.0,1,2,0,7.0,53.0,1,1,1.0,1,2,1,2,3.0,0,1,2,0,75.0,2,0,0,8.666666666666666
0,1,15.0,1,1,0,2.0,1.0,3,2,0,1,3.5,1.0,0.0,0,0,0,0,1,1,1,0,4.0,5.0,5.0,2.0,5.0,5.0,0.0,12.0,11.0,11.0,560.0,17.0,83.0,0,2,0,7.0,70.0,1,1,3.0,1,2,0,1,5.0,0,2,2,0,68.0,2,2,0,11.333333333333334
0,1,18.0,1,1,1,1.0,1.0,2,2,0,1,1.0,1.0,0.0,0,0,0,0,1,0,1,1,2.5,3.0,5.0,2.0,5.0,4.0,0.0,11.0,9.0,4.0,561.0,22.0,71.0,1,0,1,9.0,56.0,0,1,1.0,1,0,1,1,3.0,1,0,2,0,75.0,2,0,0,8.0
0,1,16.0,1,1,1,2.0,1.0,0,2,0,1,1.0,1.0,0.0,0,0,0,1,1,1,0,1,4.0,4.0,4.0,3.0,5.0,5.0,6.0,9.0,10.0,10.0,562.0,32.0,93.0,2,2,1,8.0,93.0,0,1,1.0,2,0,1,0,3.0,0,2,0,0,75.0,0,0,0,9.666666666666666
0,0,15.0,0,0,1,3.0,3.0,3,3,3,2,2.0,3.0,0.0,0,1,1,1,1,1,1,1,4.0,2.0,1.0,2.0,3.0,3.0,2.0,13.0,13.0,13.0,563.0,25.0,60.0,1,0,0,8.0,98.0,2,1,1.0,2,2,1,1,5.0,0,2,2,0,67.0,0,0,0,13.0
0,1,19.0,1,0,1,3.0,2.0,3,0,1,1,1.0,1.0,0.0,0,1,0,0,1,0,1,1,4.0,5.0,4.0,1.0,1.0,4.0,6.0,11.0,9.0,11.0,564.0,18.0,83.0,2,0,1,5.0,66.0,2,1,0.0,0,2,0,2,4.0,0,2,2,1,69.0,2,2,1,10.333333333333334
0,0,17.0,1,0,1,4.0,4.0,2,4,0,1,1.0,1.0,0.0,1,1,0,0,1,1,0,1,4.0,2.0,1.0,1.0,1.0,4.0,0.0,13.0,13.0,13.0,565.0,27.0,74.0,0,2,0,8.0,99.0,0,0,3.0,2,2,1,2,4.0,0,1,2,1,71.0,0,0,0,13.0
0,1,15.0,0,0,1,2.0,3.0,0,3,0,1,1.0,2.0,0.0,1,0,1,1,1,1,0,0,4.0,4.0,4.0,1.0,1.0,1.0,0.0,7.0,8.0,8.0,566.0,18.0,73.0,2,1,1,5.0,88.0,2,1,1.0,2,2,1,2,5.0,0,0,2,0,66.0,0,2,1,7.666666666666667
0,1,17.0,0,1,1,1.0,2.0,2,2,3,1,1.0,1.0,0.0,0,0,0,0,1,1,0,0,2.5,2.0,2.0,3.0,3.0,5.0,14.0,9.0,8.0,10.0,567.0,8.0,86.0,2,0,0,6.0,50.0,0,1,1.0,2,2,1,2,2.0,0,0,2,1,65.0,1,1,1,9.0
0,0,18.0,0,0,1,1.0,1.0,0,2,0,1,3.0,1.0,0.0,0,1,0,1,0,1,0,0,5.0,2.0,5.0,1.0,5.0,4.0,6.0,11.0,10.0,11.0,568.0,14.0,94.0,0,2,0,7.0,74.0,2,1,1.0,0,2,0,2,5.0,0,0,2,1,70.0,0,2,0,10.666666666666666
0,1,16.0,0,0,1,2.0,2.0,0,2,0,1,3.0,1.0,0.0,0,0,0,0,0,1,0,0,4.0,2.0,2.0,1.0,2.0,3.0,4.0,12.0,10.0,11.0,569.0,9.0,84.0,0,1,0,7.0,92.0,0,1,1.0,1,0,1,0,4.0,0,2,2,1,66.0,0,1,0,11.0
0,1,16.0,1,0,1,3.0,3.0,2,3,0,0,1.0,2.0,0.0,0,1,0,0,1,1,1,1,4.0,5.0,5.0,3.5,4.0,5.0,0.0,10.0,10.0,4.0,570.0,18.0,94.0,0,2,1,8.0,77.0,2,1,3.0,2,0,1,2,4.0,0,2,2,1,74.0,0,2,0,8.0
0,1,16.0,1,1,1,1.0,2.0,1,3,0,1,2.0,1.0,0.0,0,0,0,0,0,1,1,0,4.0,4.0,5.0,3.0,5.0,5.0,0.0,9.0,8.0,10.0,571.0,20.0,71.0,0,2,0,8.0,77.0,2,1,0.0,0,2,0,1,4.0,0,1,1,1,66.0,0,2,0,9.0
0,1,17.0,0,1,1,2.0,1.0,0,2,0,1,2.0,1.0,0.0,0,0,1,1,1,0,1,1,3.0,3.0,2.0,2.0,2.0,5.0,8.0,8.0,8.0,9.0,572.0,30.0,81.0,2,0,0,8.0,72.0,1,1,0.0,1,2,1,1,2.0,0,1,1,1,68.0,0,0,0,8.333333333333334
0,1,17.0,0,0,1,3.0,2.0,2,2,0,1,2.0,2.0,0.0,1,1,0,0,1,1,1,1,4.0,4.0,4.0,1.0,4.0,3.0,4.0,7.0,6.0,8.0,573.0,22.0,78.0,2,0,1,5.0,70.0,2,1,2.0,1,2,1,2,1.0,0,0,2,1,68.0,2,0,1,7.0
0,1,15.0,1,1,1,1.0,2.0,2,2,0,1,2.0,1.0,0.0,0,0,0,1,1,1,0,0,4.0,4.0,4.0,2.0,4.0,5.0,2.0,8.0,9.0,10.0,574.0,19.0,60.0,2,0,0,10.0,51.0,2,1,0.0,2,2,1,2,3.0,1,0,2,0,62.0,2,2,0,9.0
0,1,16.0,1,0,1,1.0,3.0,0,3,0,0,1.0,1.0,0.0,0,0,0,0,1,0,1,0,5.0,3.0,3.0,1.0,4.0,2.0,2.0,9.0,8.0,8.0,575.0,25.0,82.0,2,0,1,7.0,81.0,2,1,2.0,2,2,0,1,2.0,0,2,1,1,71.0,0,0,0,8.333333333333334
0,1,17.0,0,1,1,1.0,1.0,2,3,0,1,3.5,2.0,0.0,0,0,0,1,1,0,0,1,5.0,3.0,5.0,1.0,5.0,5.0,0.0,8.0,8.0,8.0,576.0,7.0,86.0,2,1,0,9.0,88.0,2,1,2.0,1,2,1,0,2.0,0,0,2,0,63.0,0,1,0,8.0
0,1,17.0,1,0,1,3.0,2.0,3,3,0,1,2.0,1.0,0.0,0,1,0,1,0,0,0,0,4.0,5.0,2.0,1.0,1.0,2.0,10.0,8.0,7.0,8.0,577.0,21.0,84.0,0,0,0,4.0,90.0,2,1,2.0,2,1,1,1,3.0,0,1,0,1,69.0,0,0,1,7.666666666666667
0,1,16.0,1,0,1,2.0,2.0,2,2,0,0,1.0,2.0,0.0,0,0,0,0,1,0,1,0,4.0,3.0,5.0,2.0,4.0,4.0,0.0,9.0,10.0,11.0,578.0,25.0,89.0,2,2,1,7.0,81.0,0,1,3.0,2,2,1,0,0.0,0,0,2,1,71.0,0,0,0,10.0
0,0,16.0,1,0,1,4.0,2.0,1,3,1,0,1.0,2.0,0.0,0,0,0,0,1,1,1,1,4.0,2.0,3.0,1.0,1.0,3.0,0.0,17.0,17.0,18.0,579.0,11.0,83.0,0,1,1,5.0,67.0,2,1,1.0,2,2,1,2,2.0,0,2,2,1,66.0,2,2,1,17.333333333333332
0,0,16.0,1,0,1,2.0,2.0,2,2,1,1,1.0,2.0,0.0,0,1,0,0,0,1,1,0,5.0,1.5,5.0,1.0,1.0,4.0,0.0,12.0,12.0,13.0,580.0,27.0,63.0,2,0,0,6.0,51.0,1,1,0.0,1,2,1,2,2.0,0,2,1,1,64.0,2,0,1,12.333333333333334
0,0,16.0,1,0,1,4.0,4.0,1,1,3,1,1.0,2.0,0.0,0,1,0,0,1,1,1,1,4.0,4.0,2.0,1.0,1.0,3.0,0.0,16.0,16.0,17.0,581.0,22.0,65.0,2,2,1,7.0,95.0,1,1,3.0,1,2,1,2,2.0,0,1,1,0,65.0,0,0,0,16.333333333333332
0,1,16.0,1,0,1,3.0,4.0,2,2,0,0,3.0,1.0,0.0,0,1,0,1,0,1,1,0,3.0,4.0,5.0,2.0,4.0,2.0,4.0,9.0,9.0,10.0,582.0,18.0,84.0,2,0,0,6.0,71.0,2,1,3.5,2,1,1,2,2.0,0,1,2,0,69.0,0,2,1,9.333333333333334
0,1,16.0,1,0,1,1.0,0.0,2,2,3,1,2.0,2.0,0.0,0,1,0,1,1,1,1,1,4.0,3.0,2.0,1.0,1.0,3.0,0.0,16.0,17.0,18.0,583.0,24.0,71.0,2,1,0,9.0,80.0,2,1,2.0,2,0,0,2,3.0,0,1,2,0,66.0,0,0,0,17.0
0,1,17.0,1,1,1,4.0,4.0,4,2,3,1,1.0,2.0,0.0,0,1,0,1,1,1,1,0,4.0,4.0,4.0,1.0,3.0,5.0,0.0,11.0,9.0,10.0,584.0,34.0,63.0,2,0,1,10.0,60.0,1,1,1.0,2,2,1,0,4.0,0,1,2,0,67.0,2,0,0,10.0
0,0,16.0,1,0,1,1.0,3.0,0,3,1,1,1.0,2.0,0.0,0,0,0,1,0,1,1,1,4.0,3.0,5.0,1.0,1.0,3.0,0.0,14.0,13.0,13.0,585.0,21.0,77.0,2,1,1,6.0,57.0,2,1,3.5,1,2,1,0,5.0,0,1,0,1,65.0,2,0,1,13.333333333333334
0,0,16.0,1,1,1,3.0,3.0,2,2,3,1,2.0,2.0,0.0,0,1,0,1,1,1,1,0,4.0,4.0,5.0,1.0,1.0,4.0,0.0,14.0,14.0,15.0,586.0,21.0,82.0,1,1,1,6.0,54.0,0,1,3.0,1,2,1,0,2.0,0,0,1,1,65.0,2,0,1,14.333333333333334
0,1,17.0,1,1,1,4.0,3.0,4,2,0,1,2.0,2.0,0.0,0,0,0,1,1,1,1,0,4.0,4.0,4.0,3.5,4.0,4.0,0.0,10.0,11.0,11.0,587.0,17.0,73.0,0,2,0,5.0,90.0,0,1,1.0,1,2,0,2,4.0,0,1,2,1,67.0,0,2,1,10.666666666666666
0,0,16.0,1,0,1,2.0,2.0,3,2,3,1,2.0,2.0,0.0,0,0,0,1,0,1,1,0,3.0,4.0,4.0,1.0,4.0,5.0,0.0,13.0,12.0,14.0,588.0,15.0,89.0,1,2,1,9.0,82.0,1,1,1.0,2,2,1,1,3.0,0,0,2,1,66.0,0,2,0,13.0
0,1,17.0,1,0,1,3.0,3.0,2,2,3,0,1.0,2.0,0.0,0,0,0,1,0,1,1,0,4.0,3.0,4.0,1.0,4.0,4.0,4.0,11.0,9.0,10.0,589.0,25.0,86.0,2,2,1,7.0,81.0,1,1,1.0,0,1,1,2,1.0,0,1,2,1,69.0,0,0,0,10.0
0,1,16.0,0,0,1,4.0,2.0,4,3,2,1,1.0,1.0,0.0,0,1,0,1,1,1,1,1,4.0,3.0,3.0,3.0,4.0,3.0,8.0,10.0,9.0,11.0,590.0,15.0,73.0,2,0,0,7.0,96.0,1,1,1.0,1,2,1,0,2.0,0,0,2,1,64.0,0,2,0,10.0
0,1,17.0,1,0,1,4.0,3.0,2,2,0,1,1.0,2.0,0.0,0,1,1,1,1,1,1,1,5.0,2.0,3.0,1.0,1.0,2.0,4.0,11.0,11.0,13.0,591.0,20.0,90.0,2,2,1,7.0,58.0,0,1,1.0,0,0,0,1,4.0,0,1,2,1,70.0,2,2,0,11.666666666666666
0,1,16.0,1,0,1,4.0,3.0,4,2,1,1,1.0,2.0,0.0,0,1,1,1,1,1,1,0,3.0,4.0,3.0,2.0,3.0,3.0,4.0,11.0,10.0,11.0,592.0,17.0,86.0,0,2,1,7.0,59.0,1,1,3.0,1,2,1,2,3.0,0,2,1,1,68.0,2,2,0,10.666666666666666
0,1,16.0,1,0,1,3.0,3.0,3,2,1,1,1.0,2.0,0.0,0,0,0,1,1,1,1,1,4.0,2.0,3.0,1.0,2.0,3.0,0.0,11.0,12.0,13.0,593.0,23.0,85.0,0,1,1,6.0,59.0,1,1,1.0,2,2,1,0,1.0,0,1,2,1,68.0,2,0,1,12.0
0,0,17.0,1,0,1,2.0,4.0,3,3,3,0,1.0,2.0,0.0,0,1,0,1,1,1,0,0,5.0,4.0,2.0,2.0,3.0,5.0,0.0,17.0,18.0,17.0,594.0,22.0,82.0,0,2,1,7.0,71.0,1,1,1.0,0,2,0,2,3.0,0,1,2,0,69.0,0,0,0,17.333333333333332
0,0,17.0,1,1,1,3.0,3.0,2,2,3,1,1.0,2.0,0.0,0,1,0,1,1,1,1,1,5.0,3.0,3.0,2.0,3.0,1.0,15.0,14.0,13.0,14.0,595.0,26.0,60.0,2,2,1,7.0,94.0,0,1,3.0,0,2,1,2,2.0,0,1,1,0,68.0,0,0,0,13.666666666666666
0,0,16.0,1,0,1,3.0,2.0,2,2,3,1,1.0,2.0,0.0,0,1,0,0,1,1,1,0,2.5,2.0,2.0,1.0,2.0,1.0,8.0,14.0,15.0,16.0,596.0,17.0,88.0,2,2,1,8.0,94.0,2,1,3.5,2,2,1,1,2.0,1,0,2,0,70.0,0,2,0,15.0
0,1,17.0,1,0,1,3.0,3.0,3,3,2,1,1.0,2.0,0.0,0,1,0,1,1,1,1,1,4.0,3.0,4.0,2.0,3.0,4.0,6.0,11.0,13.0,14.0,597.0,18.0,75.0,0,2,1,5.0,80.0,2,1,2.0,1,0,1,1,3.0,0,1,2,0,67.0,0,2,1,12.666666666666666
0,1,16.0,1,0,1,1.0,2.0,3,3,2,1,1.0,1.0,0.0,0,1,0,1,1,1,1,1,3.0,3.0,3.0,1.0,2.0,3.0,0.0,10.0,9.0,11.0,598.0,14.0,98.0,0,0,1,7.0,83.0,2,0,3.0,1,2,1,2,3.0,0,0,2,1,72.0,0,2,0,10.0
0,1,16.0,1,1,1,2.0,1.0,2,2,0,1,1.0,2.0,0.0,0,0,0,1,1,1,1,1,4.0,2.0,3.0,1.0,2.0,5.0,0.0,13.0,14.0,16.0,599.0,17.0,93.0,0,1,0,6.0,95.0,2,1,1.0,1,2,1,1,4.0,0,1,2,1,69.0,0,2,1,14.333333333333334
0,0,17.0,1,0,0,3.0,3.0,1,2,3,1,1.0,2.0,0.0,0,1,0,0,0,1,1,1,3.0,3.0,3.0,1.0,3.0,3.0,10.0,12.0,13.0,14.0,600.0,22.0,84.0,0,2,0,7.0,81.0,2,1,1.0,2,1,0,2,3.0,0,1,1,1,69.0,0,0,0,13.0
0,1,17.0,0,0,1,1.0,2.0,0,2,1,1,1.0,2.0,0.0,0,0,0,0,1,1,0,0,3.0,1.5,3.0,1.0,5.0,3.0,6.0,9.0,9.0,10.0,601.0,25.0,70.0,1,2,1,8.0,61.0,1,0,3.0,1,2,1,2,4.0,0,0,1,0,64.0,2,0,0,9.333333333333334
0,0,16.0,1,0,1,2.0,3.0,3,3,0,1,1.0,2.0,0.0,0,0,0,0,1,1,1,0,4.0,3.0,3.0,1.0,1.0,2.0,6.0,12.0,12.0,13.0,602.0,14.0,68.0,1,2,1,6.0,85.0,2,1,2.0,2,2,1,1,3.0,0,1,2,0,63.0,0,2,1,12.333333333333334
0,0,17.0,1,0,1,1.0,1.0,0,3,0,1,1.0,2.0,0.0,0,0,0,1,1,1,1,0,5.0,3.0,3.0,1.0,1.0,3.0,0.0,12.0,11.0,12.0,603.0,25.0,74.0,0,0,1,9.0,88.0,2,1,3.0,2,0,1,1,3.0,1,1,2,1,70.0,0,0,0,11.666666666666666
0,1,17.0,1,0,1,1.0,2.0,0,3,2,2,2.0,2.0,0.0,0,0,0,1,0,1,1,0,4.0,4.0,4.0,3.5,5.0,5.0,15.0,10.0,11.0,12.0,604.0,28.0,79.0,0,2,1,4.0,82.0,2,1,0.0,2,2,0,2,3.0,0,1,2,1,70.0,0,0,1,11.0
0,1,16.0,0,0,1,3.0,3.0,3,3,3,1,1.0,1.0,0.0,0,1,0,1,1,1,1,0,4.0,3.0,2.0,3.0,4.0,5.0,0.0,11.0,10.0,10.0,605.0,22.0,72.0,0,2,1,9.0,64.0,1,1,1.0,2,2,1,0,2.0,0,0,2,0,66.0,2,0,0,10.333333333333334
0,1,16.0,1,0,1,2.0,3.0,2,2,1,0,2.0,1.0,0.0,0,0,0,0,1,1,1,0,5.0,3.0,3.0,1.0,1.0,3.0,0.0,13.0,12.0,12.0,606.0,31.0,81.0,2,2,0,9.0,70.0,1,1,1.0,1,2,1,1,4.0,0,2,2,0,70.0,2,0,0,12.333333333333334
0,0,17.0,1,1,1,2.0,4.0,3,3,0,0,1.0,2.0,0.0,0,0,0,1,1,1,1,1,4.0,3.0,2.0,1.0,1.0,5.0,8.0,14.0,15.0,16.0,607.0,15.0,67.0,2,0,1,6.0,74.0,0,1,0.0,0,2,1,2,2.0,0,2,2,0,66.0,0,2,1,15.0
0,1,17.0,1,0,1,4.0,4.0,3,4,1,1,1.0,1.0,0.0,0,0,0,0,1,1,1,0,5.0,2.0,3.0,1.0,2.0,5.0,4.0,13.0,13.0,14.0,608.0,13.0,99.0,2,2,1,6.0,57.0,2,1,1.0,1,2,1,0,5.0,0,0,2,1,68.0,2,2,1,13.333333333333334
0,1,16.0,0,1,1,3.0,3.0,4,2,1,0,3.0,1.0,0.0,0,1,0,1,1,1,1,0,3.0,3.0,4.0,3.0,5.0,3.0,15.0,10.0,11.0,12.0,609.0,9.0,64.0,2,2,0,5.0,73.0,2,1,1.0,2,2,1,2,4.0,0,0,2,1,61.0,0,1,1,11.0
0,0,17.0,1,0,1,4.0,4.0,3,4,1,1,2.0,1.0,0.0,0,1,0,0,1,1,1,0,4.0,2.0,4.0,2.0,3.0,2.0,15.0,14.0,15.0,16.0,610.0,29.0,97.0,2,2,0,8.0,58.0,2,1,1.0,0,2,0,0,4.0,0,0,1,0,72.0,2,0,0,15.0
0,0,16.0,1,1,1,4.0,4.0,4,4,3,1,1.0,2.0,0.0,0,1,0,0,1,1,1,0,4.0,5.0,2.0,1.0,2.0,3.0,0.0,11.0,10.0,11.0,611.0,24.0,97.0,0,1,0,7.0,75.0,1,1,1.0,2,2,1,0,2.0,0,1,1,0,69.0,0,0,0,10.666666666666666
0,0,16.0,1,0,1,4.0,3.0,1,2,1,1,1.0,2.0,0.0,0,1,0,1,1,1,1,0,4.0,3.0,5.0,1.0,5.0,2.0,2.0,14.0,14.0,15.0,612.0,20.0,81.0,2,1,1,6.0,53.0,1,1,0.0,2,1,1,1,4.0,0,1,0,0,63.0,2,2,1,14.333333333333334
0,0,16.0,1,0,1,2.0,3.0,2,2,3,1,1.0,2.0,0.0,1,1,0,1,1,1,0,0,4.0,4.0,3.0,1.0,3.0,4.0,4.0,11.0,12.0,12.0,613.0,22.0,89.0,2,0,1,5.0,97.0,2,1,2.0,2,2,0,1,5.0,0,1,2,1,72.0,0,0,1,11.666666666666666
0,0,17.0,1,0,1,1.0,1.0,2,2,0,1,1.0,2.0,0.0,0,1,0,0,0,1,0,0,4.0,4.0,4.0,1.0,3.0,1.0,0.0,14.0,15.0,15.0,614.0,13.0,77.0,2,2,1,10.0,62.0,2,1,1.0,0,2,0,1,4.0,0,0,1,1,65.0,2,2,0,14.666666666666666
0,0,17.0,0,0,1,2.0,2.0,2,2,3,1,1.0,1.0,0.0,0,1,0,0,1,1,1,0,5.0,3.0,2.0,1.0,2.0,3.0,15.0,13.0,13.0,13.0,615.0,35.0,85.0,2,0,1,6.0,73.0,0,1,1.0,0,2,1,0,5.0,0,1,1,0,74.0,0,0,1,13.0
0,0,16.0,0,0,1,2.0,2.0,3,3,3,1,2.0,3.5,0.0,0,1,0,1,0,1,1,0,5.0,3.0,5.0,1.0,1.0,5.0,6.0,13.0,13.0,13.0,616.0,21.0,74.0,2,1,1,7.0,52.0,1,1,1.0,0,2,1,0,4.0,0,1,0,1,62.0,2,0,0,13.0
0,0,17.0,1,0,1,3.0,4.0,0,3,1,1,1.0,3.0,0.0,0,1,1,0,1,1,1,1,4.0,4.0,3.0,3.0,4.0,5.0,14.0,8.0,9.0,8.0,617.0,21.0,72.0,0,2,0,7.0,60.0,1,1,0.0,1,2,0,1,4.0,0,2,2,1,65.0,2,0,0,8.333333333333334
0,0,16.0,1,0,0,3.0,1.0,3,2,0,1,1.0,2.0,0.0,0,1,0,0,1,1,1,0,2.5,3.0,3.0,2.0,2.0,4.0,2.0,11.0,11.0,12.0,618.0,24.0,83.0,1,0,0,6.0,85.0,1,1,1.0,1,0,1,1,4.0,0,1,1,0,68.0,0,0,1,11.333333333333334
0,0,16.0,1,0,1,4.0,3.0,4,2,2,1,1.0,2.0,0.0,0,0,0,1,1,1,1,1,2.5,3.0,2.0,1.0,1.0,1.0,4.0,14.0,15.0,15.0,619.0,23.0,80.0,2,1,1,6.0,56.0,2,1,3.0,2,2,1,2,2.0,1,1,2,1,66.0,2,0,1,14.666666666666666
0,0,16.0,1,0,1,1.0,1.0,0,2,1,1,2.0,1.0,0.0,0,1,0,0,1,1,0,0,4.0,3.0,2.0,1.0,4.0,5.0,2.0,12.0,13.0,13.0,620.0,21.0,83.0,0,2,1,6.0,81.0,1,1,3.0,0,2,1,0,4.0,0,2,1,1,71.0,0,0,1,12.666666666666666
0,0,17.0,0,0,1,4.0,3.0,4,2,3,1,2.0,3.0,0.0,0,1,0,1,1,1,1,1,4.0,4.0,2.0,1.0,1.0,4.0,0.0,11.0,12.0,12.0,621.0,15.0,71.0,2,0,0,8.0,50.0,1,1,1.0,2,2,1,1,2.0,1,2,2,0,62.0,1,2,0,11.666666666666666
0,0,19.0,1,0,1,3.0,3.0,2,2,3,2,1.0,3.5,0.0,0,1,0,1,1,1,1,0,4.0,3.0,3.0,1.0,2.0,3.0,4.0,12.0,12.0,12.0,622.0,23.0,75.0,1,0,1,6.0,73.0,1,1,1.0,1,2,1,2,2.0,0,1,1,0,65.0,0,0,1,12.0
0,1,17.0,1,1,1,4.0,4.0,3,2,1,1,1.0,2.0,0.0,0,1,0,0,1,1,1,1,5.0,3.0,5.0,3.5,5.0,3.0,15.0,13.0,12.0,12.0,623.0,31.0,63.0,2,0,0,9.0,86.0,1,1,0.0,0,2,1,1,3.0,0,2,1,1,68.0,0,0,0,12.333333333333334
0,0,16.0,1,0,0,2.0,2.0,2,2,3,1,1.0,2.0,0.0,1,1,0,0,1,1,1,0,3.0,3.0,4.0,1.0,1.0,4.0,0.0,13.0,13.0,13.0,624.0,28.0,62.0,2,0,0,6.0,96.0,2,1,3.5,2,0,1,2,3.0,0,1,2,1,70.0,0,0,1,13.0
0,1,18.0,1,0,1,2.0,2.0,3,2,1,1,1.0,2.0,0.0,0,1,0,1,1,1,1,0,4.0,4.0,4.0,2.0,4.0,5.0,10.0,12.0,11.0,11.0,625.0,30.0,70.0,1,2,0,8.0,75.0,2,1,1.0,2,2,0,2,2.0,0,1,2,0,67.0,0,0,0,11.333333333333334
0,0,17.0,0,1,1,4.0,4.0,3,2,2,1,1.0,1.0,0.0,0,1,0,0,1,1,0,0,5.0,2.0,1.0,1.0,2.0,3.0,6.0,12.0,11.0,11.0,626.0,17.0,63.0,2,2,0,4.0,92.0,2,1,2.0,1,2,1,0,4.0,0,1,2,0,63.0,0,2,1,11.333333333333334
0,0,17.0,1,1,1,3.0,2.0,2,2,3,1,2.0,2.0,0.0,0,0,0,0,1,1,1,0,4.0,4.0,4.0,1.0,3.0,1.0,2.0,14.0,16.0,15.0,627.0,14.0,64.0,0,0,1,6.0,90.0,1,1,0.0,1,0,0,0,2.0,0,1,2,0,63.0,0,2,1,15.0
0,0,17.0,1,0,1,4.0,3.0,2,2,3,1,1.0,2.0,0.0,0,0,0,0,1,1,1,1,3.0,4.0,5.0,2.0,4.0,1.0,15.0,11.0,9.0,10.0,628.0,19.0,93.0,2,0,0,6.0,65.0,2,1,0.0,2,0,1,1,3.0,0,1,2,1,69.0,2,2,1,10.0
0,1,18.0,1,1,1,3.0,3.0,3,1,1,0,1.0,2.0,0.0,0,1,0,0,1,1,1,0,3.0,2.0,4.0,2.0,4.0,4.0,10.0,10.0,10.0,10.0,629.0,20.0,62.0,1,2,1,5.0,94.0,0,1,3.0,2,2,1,1,3.0,0,2,2,1,66.0,0,2,1,10.0
0,0,17.0,1,0,1,2.0,3.0,0,2,1,0,2.0,1.0,0.0,0,1,0,0,1,1,0,0,3.0,3.0,3.0,1.0,4.0,3.0,4.0,12.0,13.0,13.0,630.0,27.0,86.0,2,2,1,7.0,82.0,1,1,2.0,1,2,1,2,3.0,0,1,1,0,70.0,0,0,0,12.666666666666666
0,0,17.0,1,0,1,2.0,2.0,0,0,0,1,1.0,3.0,0.0,0,1,0,1,1,1,1,0,4.0,3.0,3.0,1.0,1.0,4.0,0.0,12.0,12.0,13.0,631.0,10.0,71.0,2,2,1,7.0,55.0,0,1,2.0,1,0,1,2,3.0,0,0,2,0,63.0,2,1,0,12.333333333333334
0,0,17.0,0,0,1,2.0,1.0,0,3,3,1,2.0,2.0,0.0,0,1,0,1,1,1,1,0,4.0,2.0,5.0,1.0,2.0,5.0,0.0,11.0,10.0,11.0,632.0,29.0,95.0,1,2,1,4.0,97.0,2,1,0.0,2,2,0,2,4.0,1,0,1,0,72.0,0,0,1,10.666666666666666
0,0,17.0,1,0,1,1.0,1.0,0,2,3,1,1.0,3.0,0.0,0,1,0,1,1,1,0,1,4.0,3.0,4.0,1.0,1.0,5.0,12.0,12.0,12.0,12.0,633.0,19.0,79.0,0,2,1,10.0,59.0,1,1,1.0,2,2,1,1,3.0,1,0,1,1,65.0,2,2,0,12.0
0,0,16.0,1,0,1,2.0,3.0,3,4,2,1,1.0,2.0,0.0,1,0,0,0,1,1,1,0,2.5,3.0,1.0,1.0,1.0,3.0,0.0,13.0,13.0,14.0,634.0,17.0,72.0,2,0,1,7.0,74.0,1,1,2.0,0,2,1,2,4.0,0,2,0,1,67.0,0,2,0,13.333333333333334
0,1,18.0,1,0,1,2.0,2.0,2,2,1,1,2.0,2.0,0.0,0,1,1,0,1,1,1,0,3.0,3.0,3.0,3.5,5.0,4.0,9.0,10.0,9.0,10.0,635.0,14.0,81.0,2,2,1,7.0,73.0,1,0,1.0,0,2,0,2,3.0,1,1,1,1,63.0,0,2,0,9.666666666666666
0,0,16.0,1,0,1,4.0,4.0,4,3,1,1,1.0,3.0,0.0,0,1,0,1,0,1,1,0,5.0,3.0,2.0,1.0,1.0,5.0,4.0,15.0,16.0,16.0,636.0,10.0,75.0,0,2,0,9.0,81.0,2,1,3.0,1,0,1,0,5.0,0,1,2,0,65.0,0,1,0,15.666666666666666
0,0,18.0,0,0,1,3.0,1.0,2,2,3,1,1.0,2.0,0.0,0,0,0,1,1,1,1,1,5.0,3.0,3.0,1.0,1.0,4.0,4.0,8.0,8.0,8.0,637.0,25.0,83.0,2,2,1,8.0,83.0,2,1,2.0,1,2,1,1,1.0,1,1,1,0,67.0,0,0,0,8.0
0,0,17.0,1,0,1,3.0,2.0,2,2,0,1,1.0,2.0,0.0,0,0,0,1,0,1,1,0,5.0,3.0,4.0,1.0,3.0,3.0,2.0,17.0,18.0,17.0,638.0,20.0,65.0,2,1,1,7.0,62.0,0,1,0.0,2,2,1,1,0.0,1,2,2,1,75.0,2,2,0,17.333333333333332
0,1,17.0,1,1,1,2.0,3.0,3,3,3,0,1.0,2.0,0.0,0,1,0,0,0,1,1,0,5.0,3.0,3.0,1.0,3.0,3.0,0.0,10.0,11.0,11.0,639.0,12.0,100.0,2,2,1,4.0,68.0,2,1,2.0,1,2,1,1,3.0,0,0,0,1,68.0,2,2,1,10.666666666666666
0,1,18.0,1,1,1,2.0,1.0,0,2,0,1,3.5,2.0,0.0,1,1,0,1,1,1,1,1,4.0,3.0,2.0,3.5,5.0,3.0,2.0,9.0,10.0,11.0,640.0,12.0,77.0,2,2,1,8.0,57.0,2,1,2.0,1,0,1,0,2.0,0,0,1,1,63.0,2,2,0,10.0
0,0,17.0,1,0,0,2.0,1.0,2,2,0,1,2.0,3.0,0.0,0,0,0,1,1,1,1,1,3.0,2.0,3.0,1.0,2.0,3.0,0.0,15.0,15.0,16.0,641.0,18.0,74.0,2,2,0,6.0,56.0,2,1,1.0,2,2,0,2,3.0,0,0,1,1,64.0,2,2,1,15.333333333333334
0,0,17.0,1,1,1,4.0,3.0,1,2,3,0,1.0,2.0,0.0,0,0,0,1,1,1,1,1,3.0,2.0,3.0,1.0,2.0,3.0,0.0,14.0,12.0,12.0,642.0,30.0,88.0,2,2,0,9.0,91.0,2,1,3.0,2,1,1,2,3.0,0,1,2,0,73.0,0,0,0,12.666666666666666
0,1,17.0,0,0,1,2.0,2.0,2,2,0,0,2.0,2.0,0.0,0,1,0,1,1,1,1,0,4.0,5.0,2.0,1.0,1.0,1.0,0.0,12.0,13.0,13.0,643.0,18.0,75.0,2,2,1,6.0,88.0,1,1,2.0,2,0,1,0,1.0,1,2,2,0,66.0,0,2,1,12.666666666666666
0,1,17.0,1,0,1,4.0,4.0,4,4,3,1,1.0,2.0,0.0,1,1,0,1,1,1,1,1,4.0,5.0,5.0,1.0,3.0,2.0,0.0,13.0,13.0,13.0,644.0,11.0,93.0,2,2,1,6.0,72.0,1,1,2.0,1,2,1,0,3.0,0,0,1,1,66.0,0,2,1,13.0
0,1,16.0,1,0,1,4.0,4.0,1,2,3,0,1.0,2.0,0.0,0,1,0,1,1,1,1,0,4.0,2.0,4.0,2.0,4.0,1.0,0.0,13.0,13.0,14.0,645.0,19.0,78.0,0,0,0,5.0,55.0,2,1,0.0,2,2,1,1,4.0,0,1,1,1,66.0,2,2,1,13.333333333333334
0,1,16.0,1,1,1,1.0,1.0,2,2,1,1,2.0,2.0,0.0,0,1,0,0,1,1,1,0,3.0,4.0,2.0,1.0,1.0,5.0,2.0,9.0,9.0,9.0,646.0,18.0,89.0,2,0,1,5.0,72.0,1,1,3.5,2,1,1,1,2.0,0,1,2,0,69.0,0,2,1,9.0
0,1,16.0,1,0,1,3.0,2.0,0,2,3,1,2.0,3.0,0.0,0,0,0,1,1,1,1,1,5.0,3.0,3.0,1.0,3.0,2.0,0.0,12.0,12.0,12.0,647.0,4.0,64.0,2,0,1,7.0,65.0,2,1,1.0,2,0,1,0,4.0,0,1,0,1,59.0,2,1,0,12.0
0,1,17.0,1,1,1,2.0,2.0,2,2,1,0,1.0,2.0,0.0,0,0,0,1,0,1,1,1,4.0,4.0,2.0,3.5,5.0,4.0,0.0,16.0,16.0,16.0,648.0,20.0,94.0,2,2,0,7.0,89.0,2,1,0.0,1,2,0,1,1.0,0,1,2,1,68.0,0,2,0,16.0
0,0,16.0,1,0,1,2.0,1.0,2,2,1,1,1.0,1.0,0.0,0,0,0,0,1,1,1,1,4.0,5.0,2.0,1.0,1.0,5.0,4.0,9.0,10.0,10.0,649.0,19.0,89.0,2,2,0,6.0,55.0,2,1,1.0,1,2,0,1,3.0,0,2,1,0,67.0,2,2,1,9.666666666666666
0,0,16.0,1,0,0,4.0,1.0,2,2,1,1,1.0,2.0,0.0,0,0,0,1,1,1,1,1,5.0,3.0,3.0,1.0,2.0,5.0,0.0,14.0,13.0,13.0,650.0,24.0,68.0,2,2,1,10.0,73.0,1,1,1.0,2,2,1,1,4.0,1,1,1,0,64.0,0,0,0,13.333333333333334
0,0,18.0,1,1,0,2.0,4.0,3,2,0,1,2.0,2.0,0.0,0,1,0,0,1,1,1,0,4.0,3.0,3.0,1.0,1.0,3.0,15.0,10.0,10.0,10.0,651.0,31.0,66.0,1,0,1,8.0,80.0,1,1,0.0,1,1,0,0,4.0,0,1,2,0,65.0,0,0,0,10.0
0,0,18.0,1,1,1,2.0,2.0,0,3,0,1,1.0,2.0,0.0,0,1,0,0,0,1,1,1,5.0,3.0,1.0,1.0,1.0,5.0,15.0,9.0,8.0,10.0,652.0,27.0,73.0,2,2,0,7.0,99.0,1,1,1.0,1,2,1,2,4.0,0,0,2,1,68.0,0,0,0,9.0
0,0,18.0,1,0,1,3.0,3.0,2,2,0,1,2.0,1.0,0.0,0,0,0,0,1,0,1,0,4.0,1.5,1.0,1.0,1.0,3.0,14.0,8.0,7.0,7.0,653.0,18.0,99.0,2,0,1,4.0,54.0,1,1,0.0,2,2,1,2,3.0,0,2,1,1,70.0,2,2,1,7.333333333333333
0,1,18.0,1,0,1,2.0,2.0,2,0,0,2,1.0,1.0,0.0,0,1,0,1,0,0,1,1,4.0,4.0,3.0,2.0,2.0,1.0,15.0,7.0,8.0,8.0,654.0,13.0,70.0,2,2,0,8.0,56.0,2,1,2.0,2,0,1,1,0.0,0,1,2,1,62.0,2,2,0,7.666666666666667
0,1,17.0,1,0,1,4.0,4.0,4,4,0,1,1.0,1.0,0.0,0,1,0,1,0,1,1,0,4.0,2.0,1.0,1.0,2.0,5.0,6.0,10.0,8.0,9.0,655.0,35.0,78.0,0,1,1,10.0,99.0,2,1,1.0,1,2,0,2,2.0,0,1,2,1,72.0,0,0,0,9.0
0,0,17.0,1,0,1,3.0,2.0,2,2,0,0,1.0,2.0,0.0,0,0,0,1,1,1,0,0,5.0,4.0,2.0,1.0,1.0,3.0,4.0,14.0,14.0,15.0,656.0,20.0,61.0,2,1,1,7.0,70.0,1,1,1.0,2,2,0,2,4.0,0,1,1,0,62.0,2,2,0,14.333333333333334
0,0,17.0,1,1,1,1.0,1.0,0,0,0,1,1.0,3.0,0.0,0,1,0,1,1,1,1,1,4.0,3.0,2.0,1.0,2.0,4.0,10.0,11.0,10.0,10.0,657.0,20.0,76.0,0,0,1,6.0,87.0,1,1,1.0,1,2,1,0,4.0,0,2,1,1,68.0,0,2,1,10.333333333333334
0,0,16.0,1,0,1,1.0,2.0,2,2,0,1,1.0,1.0,0.0,0,0,0,0,1,0,1,0,5.0,3.0,5.0,1.0,2.0,5.0,4.0,12.0,11.0,11.0,658.0,20.0,83.0,0,2,0,7.0,89.0,2,1,3.0,1,0,0,0,4.0,0,1,2,0,69.0,0,2,0,11.333333333333334
0,0,17.0,0,0,1,2.0,1.0,0,3,0,1,3.0,2.0,0.0,0,0,0,1,1,1,0,0,2.5,1.5,1.0,1.0,1.0,3.0,2.0,13.0,13.0,13.0,659.0,21.0,98.0,0,2,0,5.0,66.0,1,1,3.0,0,0,1,2,5.0,0,1,2,1,73.0,2,0,1,13.0
0,0,17.0,0,1,0,1.0,4.0,2,2,0,2,3.5,1.0,0.0,0,1,0,0,1,1,1,0,5.0,5.0,4.0,1.0,1.0,5.0,14.0,9.0,9.0,8.0,660.0,19.0,81.0,0,0,0,8.0,61.0,1,1,3.0,2,2,0,0,5.0,0,2,2,1,69.0,2,2,0,8.666666666666666
0,1,18.0,1,0,1,2.0,2.0,2,3,3,0,1.0,2.0,0.0,0,0,0,0,1,0,1,0,5.0,5.0,4.0,3.0,5.0,2.0,15.0,8.0,7.0,8.0,661.0,17.0,93.0,2,2,1,9.0,64.0,2,1,1.0,2,2,1,1,3.0,0,1,1,0,67.0,2,2,0,7.666666666666667
0,0,17.0,1,1,0,2.0,2.0,2,2,1,1,1.0,1.0,0.0,0,1,0,0,0,0,1,0,3.0,1.5,2.0,1.0,1.0,1.0,8.0,11.0,9.0,10.0,662.0,17.0,82.0,2,1,0,6.0,88.0,1,1,2.0,1,1,0,1,3.0,0,2,2,1,65.0,0,2,1,10.0
0,0,17.0,0,1,1,1.0,1.0,0,2,0,1,2.0,3.0,0.0,0,0,0,1,1,1,1,0,4.0,3.0,3.0,1.0,3.0,5.0,4.0,15.0,14.0,15.0,663.0,20.0,62.0,1,1,0,6.0,92.0,0,1,2.0,2,2,1,2,3.0,0,2,1,1,63.0,0,2,1,14.666666666666666
0,0,17.0,1,1,0,4.0,2.0,4,2,0,1,1.0,2.0,0.0,0,1,0,1,1,1,0,0,4.0,3.0,2.0,1.0,1.0,4.0,4.0,15.0,14.0,14.0,664.0,17.0,73.0,0,2,1,7.0,85.0,2,1,2.0,1,2,1,2,2.0,0,1,1,1,66.0,0,2,0,14.333333333333334
0,1,17.0,1,1,1,4.0,3.0,1,2,0,1,2.0,2.0,0.0,0,0,0,1,1,1,1,1,2.5,5.0,5.0,1.0,4.0,5.0,8.0,15.0,15.0,15.0,665.0,16.0,83.0,2,2,0,6.0,72.0,2,1,1.0,1,0,1,2,2.0,0,0,2,1,66.0,0,2,1,15.0
0,1,17.0,0,1,0,4.0,4.0,4,2,0,1,2.0,2.0,0.0,0,1,0,0,1,1,1,0,3.0,3.0,3.0,2.0,3.0,4.0,0.0,12.0,12.0,12.0,666.0,21.0,98.0,2,0,0,5.0,63.0,1,1,0.0,1,0,1,1,2.0,0,2,2,1,70.0,2,0,1,12.0
0,1,16.0,1,1,1,4.0,3.0,4,2,0,1,1.0,1.0,0.0,0,0,0,1,0,1,1,0,5.0,4.0,5.0,1.0,1.0,3.0,7.0,14.0,14.0,15.0,667.0,18.0,94.0,2,2,0,6.0,71.0,1,1,2.0,0,2,1,1,3.0,0,2,0,1,69.0,0,2,1,14.333333333333334
0,1,16.0,1,0,1,4.0,4.0,3,3,0,1,1.0,1.0,0.0,0,0,1,1,1,1,1,0,5.0,3.0,2.0,1.0,2.0,5.0,4.0,14.0,15.0,15.0,668.0,29.0,69.0,2,0,0,6.0,96.0,1,1,1.0,0,2,1,2,4.0,0,1,2,0,70.0,0,0,1,14.666666666666666
0,0,17.0,1,0,1,4.0,4.0,4,3,0,1,1.0,2.0,0.0,0,1,1,0,1,1,1,1,5.0,3.0,1.0,1.0,4.0,5.0,2.0,11.0,11.0,12.0,669.0,4.0,69.0,2,1,0,9.0,93.0,1,0,2.0,2,0,0,0,3.0,0,1,1,0,59.0,0,1,0,11.333333333333334
0,1,17.0,0,0,1,1.0,1.0,2,2,1,0,2.0,3.0,0.0,0,0,0,0,0,1,1,1,4.0,3.0,3.0,1.0,1.0,1.0,2.0,13.0,14.0,15.0,670.0,27.0,68.0,2,2,0,9.0,66.0,2,1,3.0,0,2,0,2,3.0,0,1,0,1,67.0,2,0,0,14.0
0,0,17.0,1,0,1,3.0,3.0,3,2,1,1,2.0,3.0,0.0,0,1,0,0,1,1,1,1,4.0,2.0,2.0,2.0,3.0,5.0,10.0,11.0,11.0,11.0,671.0,27.0,97.0,0,0,1,9.0,66.0,1,1,1.0,1,2,1,2,3.0,0,1,0,1,73.0,2,0,0,11.0
0,0,17.0,1,0,1,1.0,1.0,0,2,0,1,1.0,2.0,0.0,1,0,0,0,0,1,0,1,4.0,3.0,2.0,1.0,1.0,4.0,10.0,10.0,9.0,10.0,672.0,8.0,94.0,0,1,0,8.0,89.0,0,1,0.0,2,2,1,1,2.0,0,1,2,0,66.0,0,1,0,9.666666666666666
0,0,18.0,1,0,1,2.0,1.0,2,2,0,2,2.0,3.0,0.0,0,1,0,0,0,1,1,1,4.0,4.0,4.0,1.0,1.0,3.0,10.0,12.0,10.0,11.0,673.0,18.0,91.0,0,0,1,7.0,71.0,0,1,0.0,2,2,1,1,3.0,0,1,2,1,70.0,0,2,0,11.0
0,1,16.0,1,0,1,2.0,1.0,2,2,0,1,3.0,1.0,0.0,0,0,0,0,1,1,1,0,4.0,3.0,3.0,1.0,1.0,4.0,7.0,15.0,16.0,16.0,674.0,18.0,76.0,0,0,0,6.0,79.0,2,1,1.0,2,2,0,2,2.0,0,2,0,0,67.0,0,2,1,15.666666666666666
0,0,17.0,1,0,1,1.0,1.0,2,3,0,0,1.0,2.0,0.0,0,1,0,0,1,1,0,0,4.0,3.0,4.0,1.0,2.0,5.0,4.0,11.0,10.0,11.0,675.0,12.0,80.0,1,1,0,9.0,71.0,0,1,1.0,1,1,0,2,3.0,1,1,1,0,60.0,0,2,0,10.666666666666666
0,1,17.0,1,0,1,2.0,3.0,2,2,0,0,2.0,1.0,0.0,0,0,0,0,1,1,1,0,5.0,2.0,2.0,1.0,1.0,2.0,2.0,9.0,12.0,13.0,676.0,15.0,79.0,0,2,0,8.0,62.0,1,1,1.0,1,1,1,2,3.0,0,0,2,1,65.0,2,2,0,11.333333333333334
0,1,21.0,1,0,1,3.0,1.0,3,3,2,1,1.0,1.0,0.0,0,0,0,0,0,0,1,1,5.0,4.0,5.0,3.5,5.0,1.0,12.0,7.0,8.0,5.0,677.0,13.0,70.0,2,2,0,5.0,59.0,2,1,0.0,2,0,0,2,2.0,0,2,2,0,63.0,2,2,1,6.666666666666667
0,1,18.0,0,1,1,3.0,3.0,2,3,0,1,1.0,2.0,0.0,0,1,0,0,1,1,1,1,4.0,3.0,3.0,1.0,3.0,5.0,8.0,10.0,9.0,10.0,678.0,31.0,80.0,0,0,1,6.0,57.0,1,1,1.0,2,0,0,2,3.0,0,1,2,0,72.0,2,0,1,9.666666666666666
0,1,16.0,1,0,1,0.0,2.0,2,2,2,1,1.0,1.0,0.0,0,0,0,0,0,1,1,0,4.0,3.0,2.0,2.0,4.0,5.0,0.0,11.0,12.0,11.0,679.0,26.0,61.0,1,2,1,5.0,51.0,0,1,0.0,1,2,0,1,5.0,0,1,1,0,62.0,2,0,1,11.333333333333334
0,1,18.0,1,0,1,3.0,2.0,3,2,0,1,2.0,1.0,0.0,0,0,0,0,1,0,1,0,4.0,4.0,5.0,2.0,4.0,5.0,8.0,7.0,8.0,7.0,680.0,28.0,65.0,2,2,1,4.0,64.0,2,1,3.5,2,0,1,1,3.0,0,2,2,1,70.0,2,0,1,7.333333333333333
0,1,16.0,1,0,1,3.0,3.0,0,2,3,2,3.0,2.0,0.0,1,1,0,0,0,1,1,0,5.0,3.0,3.0,1.0,3.0,2.0,4.0,9.0,11.0,10.0,681.0,24.0,95.0,0,1,1,8.0,59.0,2,1,2.0,1,0,1,0,1.0,0,0,1,1,70.0,2,0,0,10.0
0,1,18.0,1,0,1,2.0,1.0,3,3,2,1,1.0,1.0,0.0,0,0,0,0,0,0,1,0,3.0,2.0,5.0,2.0,5.0,5.0,4.0,7.0,8.0,6.0,682.0,13.0,90.0,2,2,0,5.0,63.0,2,1,0.0,1,2,1,1,4.0,0,1,1,0,64.0,2,2,1,7.0
0,1,16.0,0,0,1,2.0,1.0,2,2,0,1,2.0,1.0,0.0,0,0,0,1,0,1,0,0,3.0,3.0,2.0,1.0,3.0,3.0,2.0,14.0,13.0,12.0,683.0,17.0,77.0,2,2,1,6.0,54.0,1,1,3.0,1,2,1,1,4.0,0,1,1,1,64.0,2,2,1,13.0
0,1,17.0,0,0,1,2.0,1.0,2,2,0,1,1.0,1.0,0.0,0,0,0,0,0,1,1,0,4.0,4.0,2.0,2.0,4.0,5.0,0.0,12.0,12.0,13.0,684.0,23.0,81.0,2,1,1,7.0,67.0,2,1,0.0,2,0,0,2,5.0,0,1,1,0,67.0,2,0,0,12.333333333333334
0,1,17.0,1,1,1,1.0,1.0,1,2,0,1,2.0,1.0,0.0,0,1,0,1,1,1,1,0,4.0,4.0,4.0,1.0,2.0,5.0,0.0,9.0,10.0,10.0,685.0,13.0,75.0,2,0,1,7.0,76.0,0,1,1.0,2,0,1,0,1.0,0,1,1,1,64.0,0,2,0,9.666666666666666
0,0,18.0,1,1,0,2.0,1.0,2,2,0,1,1.0,2.0,0.0,0,1,0,0,0,1,1,1,4.0,3.0,4.0,1.0,3.0,5.0,2.0,12.0,12.0,13.0,686.0,24.0,90.0,2,2,1,6.0,97.0,1,1,1.0,0,0,1,2,4.0,0,1,2,1,72.0,0,0,1,12.333333333333334
0,0,17.0,1,1,1,4.0,2.0,4,3,3,1,1.0,3.5,0.0,0,1,0,1,1,1,1,0,4.0,2.0,3.0,1.0,1.0,4.0,2.0,14.0,15.0,17.0,687.0,19.0,91.0,2,1,0,9.0,67.0,2,1,0.0,2,2,0,0,3.0,0,0,2,0,66.0,2,2,0,15.333333333333334
0,0,19.0,1,0,1,2.0,2.0,3,3,1,1,1.0,2.0,0.0,0,1,0,0,1,1,1,0,4.0,3.0,3.0,1.0,1.0,5.0,0.0,10.0,10.0,11.0,688.0,18.0,91.0,2,2,0,5.0,52.0,2,1,2.0,2,2,1,0,4.0,0,1,1,0,66.0,2,2,1,10.333333333333334
0,1,18.0,1,1,1,2.0,1.0,3,2,0,1,3.0,2.0,0.0,0,0,0,1,0,0,1,0,4.0,4.0,5.0,3.5,4.0,5.0,4.0,11.0,10.0,11.0,689.0,24.0,89.0,2,0,1,5.0,68.0,2,1,0.0,1,0,1,2,2.0,0,2,2,0,71.0,2,0,1,10.666666666666666
0,0,17.0,0,0,1,4.0,2.0,2,2,0,1,1.0,3.0,0.0,0,1,0,1,1,1,1,0,4.0,3.0,4.0,1.0,3.0,5.0,2.0,11.0,12.0,14.0,690.0,23.0,68.0,1,1,0,8.0,91.0,2,1,3.5,1,2,1,0,5.0,0,2,2,0,66.0,0,0,0,12.333333333333334
0,0,18.0,1,1,1,1.0,1.0,2,0,1,1,1.0,3.0,0.0,0,1,0,0,0,1,0,0,4.0,4.0,3.0,2.0,3.0,3.0,4.0,11.0,12.0,14.0,691.0,18.0,74.0,2,1,1,6.0,67.0,0,1,2.0,1,0,1,1,2.0,0,1,2,1,64.0,2,2,1,12.333333333333334
0,0,18.0,0,0,1,2.0,2.0,2,2,1,1,1.0,2.0,0.0,1,0,0,0,1,1,0,0,3.0,2.0,3.0,1.0,1.0,5.0,4.0,11.0,11.0,13.0,692.0,27.0,79.0,2,1,0,6.0,65.0,1,1,0.0,2,2,0,0,2.0,0,0,2,1,66.0,2,0,1,11.666666666666666
0,1,19.0,1,1,0,4.0,3.0,3,0,3,1,1.0,2.0,0.0,0,1,0,0,1,1,1,0,4.0,3.0,1.0,1.0,1.0,1.0,4.0,11.0,13.0,14.0,693.0,14.0,73.0,2,1,1,5.0,96.0,1,1,1.0,1,2,1,0,3.0,0,1,1,0,62.0,0,2,1,12.666666666666666
0,1,18.0,1,0,1,2.0,1.0,2,2,1,1,1.0,2.0,0.0,0,0,0,1,1,1,1,0,5.0,2.0,4.0,1.0,2.0,4.0,2.0,16.0,16.0,16.0,694.0,24.0,90.0,2,2,0,8.0,65.0,2,1,3.5,1,2,1,1,4.0,0,1,1,1,70.0,2,0,0,16.0
0,1,17.0,0,0,1,2.0,2.0,2,3,2,1,2.0,1.0,0.0,0,0,0,0,0,0,0,0,5.0,2.0,2.0,1.0,1.0,4.0,0.0,9.0,10.0,10.0,695.0,24.0,73.0,2,2,1,7.0,99.0,2,1,3.0,2,0,0,1,3.0,0,1,2,0,69.0,0,0,0,9.666666666666666
0,0,17.0,1,1,1,2.0,2.0,3,3,0,0,1.0,3.5,0.0,0,0,0,1,1,1,1,1,3.0,4.0,1.0,1.0,1.0,2.0,2.0,10.0,11.0,12.0,696.0,18.0,66.0,0,2,0,7.0,92.0,2,1,2.0,1,2,0,1,4.0,0,1,1,1,65.0,0,2,0,11.0
0,0,20.0,0,0,1,2.0,1.0,2,2,0,2,2.0,2.0,0.0,0,1,1,1,1,0,1,1,2.5,2.0,3.0,1.0,2.0,2.0,8.0,10.0,12.0,12.0,697.0,22.0,76.0,0,2,1,6.0,84.0,0,1,2.0,2,0,1,1,3.0,0,1,2,1,70.0,0,0,1,11.333333333333334
0,0,18.0,1,0,1,4.0,3.0,3,2,1,0,1.0,2.0,0.0,0,1,0,0,1,1,1,1,3.0,1.5,2.0,1.0,3.0,2.0,2.0,15.0,15.0,15.0,698.0,12.0,99.0,0,0,1,6.0,80.0,2,0,0.0,0,2,1,2,3.0,0,1,1,1,70.0,0,2,1,15.0
0,1,18.0,1,0,1,4.0,3.0,4,2,0,1,1.0,2.0,0.0,0,1,0,0,0,1,1,0,4.0,3.0,2.0,1.0,1.0,3.0,2.0,10.0,10.0,11.0,699.0,26.0,69.0,2,2,1,7.0,61.0,2,1,1.0,0,0,1,2,2.0,0,0,2,1,67.0,2,0,0,10.333333333333334
0,1,18.0,0,0,1,3.0,2.0,2,2,0,1,1.0,3.0,0.0,0,0,0,1,0,1,0,0,5.0,3.0,2.0,1.0,1.0,3.0,2.0,10.0,11.0,12.0,700.0,19.0,84.0,2,0,1,8.0,87.0,1,1,2.0,1,0,1,2,3.0,0,1,1,0,69.0,0,2,0,11.0
0,0,17.0,1,0,1,3.0,3.0,2,2,1,1,1.0,3.0,0.0,0,0,0,1,0,1,0,0,3.0,2.0,3.0,1.0,1.0,4.0,2.0,15.0,12.0,13.0,701.0,17.0,77.0,1,2,0,9.0,67.0,1,1,0.0,1,0,1,1,5.0,1,1,2,0,62.0,2,2,0,13.333333333333334
0,0,18.0,1,0,1,2.0,2.0,0,3,1,1,1.0,3.0,0.0,0,1,0,1,1,1,1,1,4.0,3.0,3.0,1.0,1.0,3.0,0.0,11.0,12.0,13.0,702.0,26.0,63.0,2,0,1,9.0,74.0,2,1,1.0,1,2,0,2,4.0,0,1,2,0,67.0,0,0,0,12.0
0,1,17.0,1,0,1,2.0,2.0,2,2,1,0,2.0,1.0,0.0,0,0,0,0,1,0,1,0,4.0,4.0,4.0,2.0,3.0,4.0,8.0,8.0,8.0,9.0,703.0,16.0,80.0,0,2,0,8.0,55.0,0,0,0.0,1,2,1,2,6.0,0,0,1,1,65.0,2,2,0,8.333333333333334
0,1,18.0,0,1,0,3.0,4.0,2,2,3,1,2.0,2.0,0.0,0,1,0,1,1,1,1,0,4.0,2.0,5.0,3.0,4.0,1.0,6.0,15.0,16.0,16.0,704.0,12.0,88.0,2,2,0,8.0,65.0,2,1,0.0,1,2,1,2,4.0,0,1,2,1,65.0,2,2,0,15.666666666666666
0,1,17.0,1,0,1,3.0,1.0,3,2,2,1,1.0,2.0,0.0,0,0,0,1,1,1,1,1,5.0,4.0,4.0,3.0,4.0,5.0,0.0,11.0,11.0,14.0,705.0,11.0,81.0,2,0,1,5.0,76.0,2,1,1.0,1,2,1,1,3.0,0,2,0,1,65.0,0,2,1,12.0
0,0,18.0,0,0,1,4.0,4.0,4,2,3,1,2.0,2.0,0.0,0,0,0,1,1,1,1,0,4.0,3.0,4.0,2.0,2.0,4.0,8.0,10.0,11.0,12.0,706.0,24.0,95.0,2,1,1,6.0,73.0,2,0,3.0,1,2,1,2,2.0,0,1,1,1,69.0,0,0,1,11.0
0,1,18.0,1,0,1,4.0,2.0,1,2,3,0,1.0,2.0,0.0,0,1,0,1,1,1,1,1,5.0,4.0,5.0,1.0,3.0,5.0,4.0,10.0,12.0,14.0,707.0,12.0,72.0,2,2,0,8.0,67.0,1,1,3.5,2,2,1,1,4.0,0,1,2,1,63.0,2,2,0,12.0
0,0,18.0,0,0,1,2.0,1.0,2,2,3,1,2.0,2.0,0.0,0,1,0,0,1,0,1,1,4.0,3.0,5.0,1.0,2.0,3.0,12.0,8.0,9.0,10.0,708.0,31.0,63.0,1,0,1,7.0,74.0,1,1,3.0,2,2,1,0,2.0,0,0,1,1,66.0,0,0,0,9.0
0,0,19.0,1,0,1,3.0,3.0,2,3,1,2,1.0,2.0,0.0,0,1,0,1,1,1,1,0,4.0,3.0,5.0,3.0,3.0,5.0,15.0,11.0,12.0,12.0,709.0,8.0,97.0,2,0,1,8.0,87.0,2,1,0.0,2,2,1,2,2.0,1,1,2,1,67.0,0,1,0,11.666666666666666
0,0,18.0,1,0,1,2.0,3.0,2,3,3,0,1.0,3.5,0.0,0,1,0,1,1,1,1,1,4.0,5.0,5.0,1.0,3.0,2.0,10.0,16.0,16.0,16.0,710.0,30.0,75.0,2,2,0,8.0,73.0,0,1,1.0,2,2,1,0,3.0,0,0,2,1,69.0,0,0,0,16.0
0,0,18.0,1,1,1,1.0,1.0,2,2,1,1,2.0,2.0,0.0,0,1,0,0,0,1,0,0,4.0,4.0,3.0,1.0,1.0,3.0,2.0,13.0,13.0,13.0,711.0,21.0,83.0,2,2,1,8.0,75.0,0,1,1.0,1,0,1,1,2.0,0,1,0,1,67.0,0,0,0,13.0
0,1,17.0,0,0,1,1.0,2.0,0,0,1,1,1.0,2.0,0.0,0,1,0,1,0,1,0,1,3.0,5.0,2.0,2.0,2.0,1.0,2.0,16.0,17.0,18.0,712.0,19.0,92.0,2,2,1,5.0,85.0,2,1,1.0,2,0,0,1,4.0,0,1,2,1,70.0,0,2,1,17.0
0,0,18.0,1,0,1,2.0,1.0,2,2,1,1,1.0,2.0,0.0,0,1,0,0,1,1,1,1,4.0,2.0,5.0,1.0,2.0,1.0,8.0,14.0,14.0,15.0,713.0,17.0,73.0,0,0,1,7.0,92.0,2,1,2.0,0,2,0,0,2.0,0,1,1,1,67.0,0,2,0,14.333333333333334
0,0,17.0,1,0,1,2.0,4.0,0,1,3,1,2.0,2.0,0.0,0,1,0,0,1,1,1,1,4.0,3.0,3.0,1.0,1.0,1.0,6.0,15.0,16.0,16.0,714.0,22.0,89.0,0,2,0,6.0,76.0,2,1,2.0,1,2,1,1,4.0,0,1,2,1,70.0,0,0,1,15.666666666666666
0,0,17.0,1,1,1,2.0,2.0,3,2,0,1,2.0,2.0,0.0,1,1,0,0,1,1,1,1,4.0,4.0,4.0,2.0,3.0,5.0,6.0,12.0,12.0,12.0,715.0,20.0,65.0,0,0,1,6.0,97.0,2,1,0.0,1,1,0,0,3.0,0,1,1,0,65.0,0,2,1,12.0
0,0,18.0,0,0,0,3.0,2.0,2,3,1,1,2.0,2.0,0.0,0,0,0,0,0,0,1,1,4.0,1.5,1.0,1.0,1.0,5.0,15.0,12.0,9.0,10.0,716.0,27.0,72.0,2,1,0,4.0,68.0,2,0,0.0,2,0,1,0,3.0,1,0,2,1,63.0,2,0,1,10.333333333333334
0,1,18.0,1,0,1,4.0,4.0,4,3,1,1,2.0,1.0,0.0,0,0,0,1,1,1,1,0,3.0,2.0,4.0,1.0,4.0,3.0,6.0,11.0,12.0,12.0,717.0,21.0,66.0,2,2,1,7.0,63.0,2,1,0.0,0,2,1,1,3.0,0,1,2,0,64.0,2,0,0,11.666666666666666
0,0,18.0,1,0,1,4.0,4.0,1,1,3,0,1.0,2.0,0.0,1,1,0,1,1,1,1,1,2.5,4.0,4.0,1.0,1.0,4.0,2.0,14.0,12.0,13.0,718.0,21.0,92.0,0,2,1,4.0,85.0,1,1,1.0,0,2,1,0,3.0,0,1,0,1,69.0,0,0,1,13.0
0,0,17.0,1,0,1,2.0,2.0,2,3,3,0,3.0,3.0,0.0,0,1,0,0,1,1,1,1,4.0,2.0,3.0,1.0,1.0,1.0,8.0,13.0,15.0,15.0,719.0,18.0,69.0,1,2,0,8.0,59.0,1,0,1.0,1,2,1,2,4.0,0,1,2,0,60.0,2,2,0,14.333333333333334
0,0,19.0,0,0,1,3.0,2.0,3,3,3,0,1.0,2.0,0.0,1,1,0,0,1,0,1,0,3.0,3.0,3.0,3.5,3.0,3.0,0.0,9.0,8.0,10.0,720.0,20.0,89.0,1,2,1,9.0,95.0,2,1,3.0,1,2,1,2,3.0,0,1,1,1,69.0,0,2,0,9.0
0,1,18.0,1,1,1,4.0,3.0,4,3,0,1,2.0,1.0,0.0,0,0,0,1,1,1,1,0,4.0,2.0,3.0,1.0,2.0,1.0,0.0,10.0,10.0,10.0,721.0,22.0,98.0,2,1,1,8.0,69.0,2,1,3.5,0,2,0,2,2.0,0,1,2,0,72.0,2,0,0,10.0
0,1,18.0,1,0,1,1.0,2.0,0,2,1,2,2.0,1.0,0.0,0,0,0,0,0,0,1,0,3.0,4.0,4.0,2.0,4.0,4.0,10.0,10.0,10.0,11.0,722.0,10.0,81.0,2,1,1,7.0,85.0,1,1,1.0,1,2,1,1,2.0,0,0,2,1,63.0,0,1,0,10.333333333333334
0,1,17.0,1,1,0,4.0,1.0,3,2,1,1,2.0,1.0,0.0,0,0,0,1,1,1,1,1,4.0,5.0,4.0,2.0,4.0,5.0,15.0,11.0,11.0,10.0,723.0,12.0,82.0,1,2,0,9.0,79.0,0,1,0.0,1,2,0,2,2.0,0,0,1,0,63.0,0,2,0,10.666666666666666
0,1,17.0,1,1,0,3.0,2.0,4,3,1,1,1.0,1.0,0.0,0,0,0,0,1,1,1,0,4.0,4.0,4.0,3.0,4.0,3.0,15.0,13.0,13.0,13.0,724.0,24.0,78.0,0,1,1,7.0,53.0,0,1,0.0,2,2,1,1,4.0,1,1,2,1,66.0,2,0,0,13.0
0,0,18.0,0,1,1,1.0,1.0,0,2,3,1,2.0,3.5,0.0,0,1,0,1,1,1,0,0,5.0,2.0,2.0,1.0,1.0,3.0,2.0,17.0,17.0,18.0,725.0,21.0,73.0,2,2,0,6.0,85.0,2,1,3.5,2,0,1,1,5.0,0,0,2,1,70.0,0,0,1,17.333333333333332
0,0,18.0,1,0,1,1.0,1.0,2,2,1,1,2.0,2.0,0.0,1,0,0,1,1,1,1,0,5.0,4.0,4.0,1.0,1.0,4.0,0.0,12.0,13.0,13.0,726.0,19.0,79.0,2,0,1,7.0,90.0,2,1,1.0,0,2,1,0,4.0,0,0,0,0,68.0,0,2,0,12.666666666666666
0,0,17.0,1,0,1,2.0,2.0,2,2,0,1,1.0,2.0,0.0,0,1,0,0,0,1,1,0,5.0,4.0,5.0,1.0,2.0,5.0,12.0,12.0,12.0,14.0,727.0,20.0,84.0,2,2,1,10.0,99.0,1,1,2.0,2,2,0,2,3.0,0,1,1,1,69.0,0,2,0,12.666666666666666
0,0,18.0,1,0,1,2.0,1.0,2,2,3,1,2.0,2.0,0.0,0,0,0,1,1,1,1,1,4.0,3.0,1.0,1.0,1.0,5.0,10.0,12.0,13.0,14.0,728.0,22.0,99.0,2,2,1,5.0,71.0,0,1,0.0,2,0,1,1,4.0,0,0,2,0,72.0,0,0,1,13.0
0,1,17.0,1,0,1,1.0,1.0,2,2,3,0,1.0,2.0,0.0,0,0,0,0,0,1,1,0,4.0,3.0,3.0,1.0,2.0,4.0,0.0,12.0,12.0,12.0,729.0,17.0,98.0,1,0,0,5.0,75.0,1,1,1.0,1,1,0,2,3.0,1,0,2,1,67.0,0,2,1,12.0
0,0,18.0,1,0,1,2.0,2.0,0,0,2,1,1.0,3.0,0.0,0,1,0,0,1,1,1,0,4.0,3.0,3.0,1.0,2.0,2.0,0.0,18.0,18.0,18.0,730.0,15.0,94.0,1,2,0,8.0,94.0,1,1,1.0,0,2,1,2,4.0,0,1,1,1,68.0,0,2,0,18.0
0,0,17.0,1,0,1,1.0,1.0,3,4,3,1,1.0,3.0,0.0,0,1,0,0,1,1,1,0,4.0,3.0,3.0,1.0,1.0,3.0,0.0,13.0,13.0,14.0,731.0,21.0,96.0,2,0,0,7.0,63.0,2,1,1.0,2,2,0,0,2.0,0,2,0,0,70.0,2,0,0,13.333333333333334
0,1,18.0,1,0,1,2.0,1.0,3,3,3,1,1.0,3.0,0.0,0,0,0,1,1,1,1,0,4.0,2.0,4.0,1.0,3.0,2.0,0.0,14.0,15.0,15.0,732.0,14.0,79.0,0,2,1,6.0,59.0,2,1,3.5,2,0,1,2,3.0,0,2,0,1,68.0,2,2,1,14.666666666666666
0,1,18.0,1,1,0,4.0,4.0,4,4,3,1,1.0,2.0,0.0,0,1,0,1,1,1,1,0,5.0,4.0,3.0,1.0,1.0,2.0,0.0,17.0,17.0,17.0,733.0,22.0,86.0,2,2,1,5.0,57.0,0,1,2.0,2,2,1,2,3.0,0,0,1,1,69.0,2,0,1,17.0
0,1,18.0,1,0,1,4.0,2.0,4,2,1,1,1.0,2.0,0.0,0,1,0,1,1,1,1,1,4.0,3.0,2.0,1.0,4.0,5.0,2.0,15.0,16.0,16.0,734.0,10.0,96.0,2,2,0,4.0,99.0,2,1,1.0,2,2,0,0,5.0,0,0,2,0,68.0,0,1,1,15.666666666666666
0,0,17.0,1,0,1,4.0,3.0,1,3,3,1,1.0,3.0,0.0,0,1,0,0,1,1,1,0,4.0,2.0,2.0,1.0,2.0,3.0,0.0,17.0,18.0,18.0,735.0,26.0,76.0,2,2,0,5.0,64.0,1,1,0.0,2,2,1,2,5.0,0,0,0,0,66.0,2,0,1,17.666666666666668
0,0,17.0,0,1,1,3.0,1.0,3,2,3,1,2.0,3.5,0.0,0,1,0,0,1,1,0,0,3.0,1.5,2.0,1.0,1.0,3.0,0.0,18.0,19.0,19.0,736.0,23.0,98.0,2,2,0,9.0,88.0,0,1,1.0,1,2,1,0,4.0,0,2,1,0,72.0,0,0,0,18.666666666666668
0,1,18.0,0,1,1,3.0,2.0,3,2,3,1,2.0,3.0,0.0,0,1,0,1,1,1,1,0,5.0,4.0,2.0,1.0,1.0,4.0,0.0,14.0,15.0,15.0,737.0,22.0,77.0,2,2,1,7.0,72.0,2,1,2.0,2,0,1,1,3.0,0,1,2,1,67.0,0,0,0,14.666666666666666
0,1,17.0,1,0,1,3.0,3.0,1,2,1,1,1.0,1.0,0.0,0,1,0,0,1,1,1,0,4.0,4.0,3.0,1.0,3.0,5.0,0.0,14.0,15.0,15.0,738.0,26.0,84.0,1,0,0,4.0,62.0,2,0,3.0,0,0,1,2,2.0,0,1,2,1,70.0,2,0,1,14.666666666666666
0,0,19.0,1,0,1,4.0,4.0,1,2,3,2,2.0,2.0,0.0,0,1,0,1,1,1,1,0,2.5,3.0,4.0,2.0,3.0,2.0,2.0,14.0,13.0,13.0,739.0,30.0,88.0,0,2,1,9.0,96.0,2,1,1.0,2,0,0,1,3.0,1,1,2,1,73.0,0,0,0,13.333333333333334
0,0,18.0,1,1,1,4.0,3.0,2,2,1,2,2.0,2.0,0.0,0,1,0,0,1,1,1,1,4.0,4.0,5.0,1.0,2.0,2.0,0.0,13.0,14.0,14.0,740.0,26.0,98.0,2,1,1,9.0,73.0,0,1,1.0,0,1,1,1,6.0,0,2,1,1,73.0,0,0,0,13.666666666666666
0,0,18.0,1,0,1,4.0,3.0,2,2,3,0,1.0,3.5,0.0,0,1,0,0,1,1,1,0,4.0,3.0,3.0,1.0,1.0,3.0,0.0,16.0,17.0,17.0,741.0,9.0,70.0,2,2,0,9.0,78.0,1,1,1.0,2,1,1,1,2.0,0,1,2,0,60.0,0,1,0,16.666666666666668
0,1,18.0,1,1,1,4.0,4.0,4,4,1,1,1.0,1.0,0.0,0,1,0,0,1,1,1,1,2.5,4.0,2.0,2.0,2.0,1.0,0.0,18.0,18.0,17.0,742.0,12.0,90.0,2,0,0,6.0,61.0,1,1,2.0,2,0,1,1,3.0,0,0,2,1,67.0,2,2,1,17.666666666666668
0,0,18.0,1,1,0,4.0,4.0,1,2,1,1,1.0,2.0,0.0,0,1,1,0,1,1,1,1,4.0,2.0,4.0,1.0,1.0,4.0,0.0,14.0,15.0,15.0,743.0,16.0,81.0,0,2,1,7.0,66.0,2,1,3.0,0,0,0,2,4.0,0,1,2,1,69.0,2,2,0,14.666666666666666
0,1,17.0,1,1,1,4.0,4.0,2,4,1,0,2.0,1.0,0.0,0,0,0,0,1,1,1,0,4.0,1.5,1.0,2.0,2.0,5.0,0.0,12.0,13.0,13.0,744.0,20.0,71.0,2,1,0,7.0,87.0,0,1,1.0,2,2,1,0,5.0,0,1,2,1,65.0,0,2,0,12.666666666666666
0,0,17.0,0,0,1,4.0,4.0,3,3,3,1,2.0,3.0,0.0,0,1,0,1,1,1,1,0,5.0,3.0,4.0,1.0,1.0,5.0,0.0,7.0,7.0,8.0,745.0,23.0,91.0,1,0,1,9.0,67.0,1,1,2.0,1,2,1,1,4.0,0,1,2,0,70.0,2,0,0,7.333333333333333
0,0,17.0,1,0,1,4.0,2.0,2,2,3,1,2.0,3.0,0.0,0,1,0,0,1,1,1,0,4.0,3.0,3.0,1.0,1.0,3.0,0.0,16.0,16.0,16.0,746.0,16.0,82.0,0,0,1,6.0,75.0,1,1,3.0,2,2,1,1,3.0,0,0,1,0,68.0,0,2,1,16.0
0,0,17.0,1,0,1,3.0,2.0,1,1,3,0,1.0,3.5,0.0,0,1,0,1,0,1,1,0,5.0,2.0,2.0,1.0,2.0,5.0,0.0,18.0,18.0,18.0,747.0,21.0,86.0,2,1,0,6.0,56.0,2,1,1.0,1,0,0,0,2.0,0,0,2,0,66.0,2,0,1,18.0
0,1,19.0,0,1,1,2.0,1.0,0,3,0,1,2.0,3.0,0.0,0,0,0,1,1,1,1,1,4.0,3.0,1.0,1.0,1.0,5.0,0.0,9.0,10.0,11.0,748.0,15.0,73.0,1,0,1,8.0,93.0,2,1,1.0,1,0,1,2,4.0,0,0,0,1,65.0,0,2,0,10.0
0,1,20.0,1,0,0,3.0,2.0,3,2,0,2,1.0,1.0,0.0,0,0,0,1,1,1,0,0,5.0,5.0,3.0,1.0,1.0,5.0,0.0,14.0,15.0,15.0,749.0,16.0,79.0,1,2,1,9.0,87.0,2,1,1.0,1,2,1,1,2.0,0,0,1,0,64.0,0,2,0,14.666666666666666
0,1,19.0,0,0,1,3.0,3.0,2,3,3,0,1.0,2.0,0.0,0,0,0,1,1,1,0,1,4.0,5.0,3.0,1.0,2.0,5.0,0.0,10.0,10.0,11.0,750.0,12.0,85.0,0,0,1,7.0,88.0,0,1,1.0,1,2,1,1,0.0,0,0,0,0,67.0,0,2,0,10.333333333333334
0,0,18.0,1,0,1,1.0,4.0,2,4,1,1,1.0,2.0,0.0,1,1,0,0,0,1,0,1,3.0,4.0,4.0,1.0,2.0,5.0,2.0,10.0,10.0,11.0,751.0,14.0,76.0,0,2,1,8.0,59.0,1,1,3.0,2,2,0,1,5.0,0,1,1,1,65.0,2,2,0,10.333333333333334
0,0,18.0,1,0,1,2.0,1.0,3,2,0,1,2.0,2.0,0.0,0,1,0,1,1,1,1,0,5.0,3.0,3.0,1.0,2.0,1.0,2.0,12.0,12.0,15.0,752.0,12.0,68.0,0,0,1,7.0,75.0,2,1,1.0,2,1,0,2,4.0,0,1,2,1,64.0,0,2,0,13.0
0,0,17.0,1,0,1,2.0,3.0,2,2,0,0,2.0,2.0,0.0,0,0,0,1,1,1,1,1,4.0,2.0,1.0,1.0,1.0,3.0,2.0,11.0,12.0,14.0,753.0,14.0,98.0,0,0,0,7.0,51.0,2,1,0.0,2,1,1,2,1.0,1,1,2,1,67.0,2,2,0,12.333333333333334
0,0,17.0,0,0,1,4.0,4.0,4,4,0,1,1.0,1.0,0.0,0,0,0,1,1,1,1,0,4.0,4.0,4.0,1.0,1.0,5.0,2.0,15.0,16.0,17.0,754.0,26.0,80.0,2,1,1,6.0,66.0,2,1,2.0,0,2,1,1,4.0,0,2,2,1,70.0,2,0,1,16.0
0,0,18.0,1,0,1,4.0,3.0,2,2,0,1,1.0,3.0,0.0,0,1,0,1,1,1,1,1,4.0,3.0,4.0,1.0,1.0,5.0,2.0,14.0,15.0,17.0,755.0,14.0,89.0,2,1,1,5.0,67.0,1,0,3.0,1,1,0,1,3.0,0,1,0,0,63.0,2,2,1,15.333333333333334
0,0,18.0,1,1,1,4.0,3.0,1,3,0,1,2.0,1.0,0.0,0,1,0,0,1,1,1,0,3.0,2.0,4.0,1.0,4.0,1.0,8.0,12.0,12.0,15.0,756.0,36.0,76.0,2,2,0,6.0,96.0,2,1,1.0,1,2,0,1,2.0,0,0,2,1,71.0,0,0,1,13.0
0,0,17.0,0,0,1,3.0,4.0,0,3,0,0,1.0,3.0,0.0,0,1,0,1,0,1,1,0,4.0,3.0,4.0,2.0,5.0,5.0,2.0,15.0,15.0,17.0,757.0,23.0,74.0,0,1,0,6.0,100.0,1,1,2.0,0,1,0,2,3.0,0,1,2,1,68.0,0,0,1,15.666666666666666
0,0,18.0,1,0,1,3.0,3.0,0,2,0,0,1.0,2.0,0.0,0,1,0,0,1,1,1,0,4.0,1.5,4.0,1.0,1.0,3.0,8.0,11.0,12.0,14.0,758.0,21.0,76.0,2,2,0,7.0,81.0,2,1,0.0,2,0,0,2,2.0,0,0,1,0,67.0,0,0,0,12.333333333333334
0,1,19.0,1,0,1,4.0,2.0,1,2,0,1,2.0,2.0,0.0,0,1,0,1,1,1,1,1,5.0,4.0,4.0,1.0,1.0,1.0,9.0,11.0,10.0,10.0,759.0,15.0,76.0,0,0,1,9.0,76.0,2,1,1.0,2,0,1,1,2.0,0,2,0,0,67.0,0,2,0,10.333333333333334
0,0,18.0,1,0,1,4.0,4.0,4,2,0,1,1.0,2.0,0.0,0,1,0,0,1,1,1,0,4.0,4.0,4.0,3.0,3.0,5.0,0.0,12.0,11.0,13.0,760.0,24.0,82.0,1,2,1,7.0,72.0,2,1,0.0,2,0,1,2,2.0,0,2,1,0,68.0,0,0,0,12.0
0,0,18.0,1,0,1,3.0,4.0,2,2,0,1,1.0,1.0,0.0,0,1,0,1,1,1,1,1,5.0,4.0,4.0,1.0,1.0,1.0,4.0,11.0,12.0,14.0,761.0,17.0,82.0,0,2,0,6.0,51.0,2,1,1.0,1,2,1,2,3.0,0,2,1,1,66.0,2,2,1,12.333333333333334
0,0,17.0,1,0,1,4.0,4.0,1,1,0,1,1.0,1.0,0.0,0,0,0,1,1,1,1,0,5.0,3.0,4.0,1.0,2.0,5.0,2.0,14.0,15.0,17.0,762.0,21.0,80.0,2,2,1,8.0,90.0,2,1,0.0,2,2,1,0,4.0,0,0,2,1,68.0,0,0,0,15.333333333333334
0,0,17.0,1,0,0,4.0,3.0,3,3,0,1,1.0,2.0,0.0,0,1,0,0,1,1,1,1,5.0,2.0,2.0,1.0,2.0,5.0,14.0,15.0,14.0,17.0,763.0,35.0,65.0,0,2,1,7.0,84.0,0,1,0.0,2,2,1,2,2.0,0,1,1,1,70.0,0,0,0,15.333333333333334
0,0,17.0,1,1,0,3.0,3.0,3,2,1,1,1.0,2.0,0.0,1,1,0,0,1,1,1,0,5.0,3.0,3.0,1.0,1.0,5.0,0.0,12.0,12.0,13.0,764.0,19.0,80.0,1,1,0,8.0,82.0,2,1,3.5,1,1,1,2,3.0,0,0,2,1,67.0,0,2,0,12.333333333333334
0,0,17.0,1,1,1,2.0,1.0,2,2,1,0,1.0,2.0,0.0,0,0,0,1,1,1,1,0,4.0,2.0,3.0,2.0,2.0,2.0,2.0,11.0,12.0,14.0,765.0,27.0,67.0,1,2,1,6.0,90.0,2,1,2.0,0,0,0,1,3.0,0,1,1,1,67.0,0,0,1,12.333333333333334
0,1,18.0,1,1,1,4.0,4.0,2,2,3,0,1.0,1.0,0.0,0,1,0,0,1,1,1,0,4.0,2.0,5.0,3.0,4.0,5.0,2.0,8.0,9.0,11.0,766.0,16.0,65.0,1,0,0,9.0,96.0,1,1,2.0,1,2,1,0,2.0,0,1,2,1,62.0,0,2,0,9.333333333333334
0,0,19.0,1,0,1,1.0,1.0,2,2,0,2,3.0,3.0,0.0,0,0,0,1,1,0,0,1,2.5,5.0,5.0,3.5,3.0,5.0,12.0,10.0,10.0,11.0,767.0,20.0,97.0,2,0,0,9.0,69.0,1,1,0.0,1,1,1,0,3.0,1,1,2,1,67.0,2,2,0,10.333333333333334
0,0,19.0,1,1,0,1.0,1.0,2,2,0,2,3.0,2.0,0.0,0,1,0,0,0,1,1,1,5.0,3.0,4.0,1.0,1.0,4.0,2.0,8.0,8.0,9.0,768.0,31.0,84.0,2,0,0,7.0,71.0,1,1,3.5,1,2,1,0,4.0,0,1,0,1,70.0,0,0,0,8.333333333333334
0,0,18.0,1,0,1,2.0,2.0,2,2,0,1,1.0,1.0,0.0,0,1,0,1,1,1,1,1,4.0,3.0,5.0,2.0,4.0,5.0,2.0,10.0,10.0,10.0,769.0,16.0,86.0,0,0,0,8.0,99.0,2,1,3.5,1,0,0,1,4.0,0,0,2,1,72.0,0,2,0,10.0
0,0,17.0,1,0,1,2.0,2.0,2,2,0,1,1.0,2.0,0.0,0,1,0,0,1,1,0,1,4.0,2.0,2.0,1.0,1.0,3.0,4.0,14.0,13.0,13.0,770.0,31.0,76.0,2,2,1,9.0,83.0,2,1,2.0,0,2,0,0,3.0,0,1,1,0,70.0,0,0,0,13.333333333333334
0,0,17.0,0,1,1,2.0,2.0,3,3,0,1,1.0,3.0,0.0,0,1,0,1,1,1,1,0,3.0,3.0,2.0,2.0,2.0,3.0,0.0,11.0,11.0,10.0,771.0,24.0,96.0,1,0,0,6.0,93.0,2,1,2.0,1,2,1,1,2.0,0,1,1,0,75.0,0,0,1,10.666666666666666
0,0,17.0,1,0,1,3.0,1.0,3,3,0,0,1.0,3.0,0.0,0,1,0,0,0,1,1,0,3.0,4.0,3.0,2.0,3.0,5.0,0.0,17.0,18.0,17.0,772.0,17.0,86.0,2,2,0,7.0,61.0,2,0,2.0,0,2,1,2,3.0,0,1,1,1,66.0,2,2,0,17.333333333333332
0,0,17.0,1,1,1,0.0,2.0,0,0,1,0,2.0,3.0,0.0,0,0,0,0,1,1,1,0,3.0,3.0,3.0,2.0,3.0,2.0,0.0,14.0,14.0,15.0,773.0,24.0,91.0,1,1,1,7.0,66.0,0,1,2.0,1,0,1,1,3.0,0,1,2,1,69.0,2,0,0,14.333333333333334
0,0,18.0,1,0,1,1.0,1.0,2,2,1,1,2.0,3.0,0.0,0,0,0,1,1,1,1,0,4.0,5.0,5.0,1.0,2.0,2.0,0.0,14.0,14.0,14.0,774.0,26.0,75.0,0,2,0,5.0,70.0,1,1,0.0,0,1,0,1,2.0,0,2,2,1,68.0,2,0,1,14.0
0,1,18.0,1,0,1,4.0,4.0,2,2,0,1,1.0,3.0,0.0,0,0,0,1,1,1,1,0,4.0,3.0,3.0,2.0,2.0,3.0,0.0,13.0,14.0,13.0,775.0,24.0,98.0,0,1,0,8.0,66.0,0,1,2.0,1,2,1,2,1.0,0,1,1,1,71.0,2,0,0,13.333333333333334
0,1,17.0,1,0,1,3.0,3.0,2,3,3,1,1.0,1.0,0.0,0,0,0,1,0,1,1,0,4.0,3.0,5.0,3.0,5.0,5.0,0.0,17.0,18.0,17.0,776.0,11.0,93.0,0,2,0,9.0,94.0,2,1,3.5,1,0,1,1,4.0,0,1,1,1,69.0,0,2,0,17.333333333333332
0,1,17.0,0,0,1,2.0,2.0,3,2,0,1,3.5,1.0,0.0,0,1,0,0,1,1,1,0,4.0,4.0,5.0,3.5,5.0,4.0,2.0,11.0,10.0,10.0,777.0,16.0,94.0,2,2,0,7.0,76.0,1,1,2.0,2,2,1,1,3.0,1,1,2,0,67.0,0,2,0,10.333333333333334
0,0,17.0,1,0,1,4.0,4.0,4,3,0,1,1.0,3.0,0.0,0,1,0,1,1,1,1,0,5.0,4.0,4.0,1.0,3.0,4.0,0.0,13.0,12.0,13.0,778.0,19.0,67.0,1,2,1,8.0,98.0,2,1,2.0,1,2,0,0,2.0,0,2,2,0,64.0,0,2,0,12.666666666666666
0,0,17.0,1,0,1,4.0,4.0,4,4,0,1,2.0,3.0,0.0,0,1,0,0,0,1,1,1,4.0,3.0,3.0,1.0,2.0,4.0,4.0,15.0,14.0,15.0,779.0,20.0,71.0,2,2,1,9.0,66.0,2,1,1.0,2,1,0,0,5.0,1,0,2,0,63.0,2,2,0,14.666666666666666
0,0,17.0,1,0,1,3.0,3.0,0,2,0,1,1.0,1.0,0.0,0,1,1,1,1,1,1,0,4.0,2.0,5.0,2.0,5.0,5.0,2.0,11.0,12.0,11.0,780.0,24.0,71.0,2,0,1,6.0,52.0,2,1,2.0,2,2,0,1,3.0,0,0,0,0,66.0,2,0,1,11.333333333333334
0,1,18.0,1,1,1,2.0,2.0,2,2,0,1,1.0,3.5,0.0,0,1,1,1,1,1,1,0,4.0,5.0,5.0,2.0,4.0,5.0,0.0,11.0,11.0,12.0,781.0,21.0,71.0,0,2,1,8.0,57.0,1,0,2.0,0,2,1,2,1.0,0,2,2,0,66.0,2,0,0,11.333333333333334
0,1,19.0,0,0,1,3.0,2.0,0,3,1,2,1.0,1.0,0.0,0,1,0,0,0,1,0,1,5.0,3.0,4.0,2.0,2.0,5.0,0.0,11.0,10.0,10.0,782.0,12.0,94.0,1,0,1,6.0,61.0,2,1,3.0,0,0,1,1,4.0,0,0,2,1,69.0,2,2,1,10.333333333333334
0,0,18.0,1,0,1,2.0,2.0,0,2,0,1,3.5,2.0,0.0,0,0,0,1,1,1,0,1,4.0,2.0,5.0,1.0,1.0,2.0,2.0,10.0,9.0,10.0,783.0,22.0,61.0,1,1,1,6.0,82.0,1,1,3.5,2,2,1,2,4.0,0,1,1,0,64.0,0,0,1,9.666666666666666
0,0,17.0,0,0,1,2.0,4.0,0,2,0,0,1.0,3.0,0.0,0,1,0,0,1,1,1,1,4.0,4.0,3.0,1.0,1.0,5.0,0.0,15.0,15.0,15.0,784.0,24.0,63.0,0,2,0,8.0,59.0,1,1,1.0,1,2,1,1,3.0,1,1,2,1,62.0,2,0,0,15.0
0,1,18.0,1,0,1,2.0,2.0,2,2,3,1,1.0,1.0,0.0,0,0,0,0,0,1,1,0,5.0,4.0,2.0,1.0,2.0,5.0,6.0,15.0,14.0,15.0,785.0,23.0,71.0,2,2,1,7.0,69.0,0,1,3.0,1,2,1,2,5.0,1,1,0,0,66.0,2,0,0,14.666666666666666
0,0,18.0,1,0,1,3.0,3.0,3,3,1,1,1.0,2.0,0.0,0,0,0,1,1,1,1,0,5.0,3.0,4.0,1.0,1.0,4.0,8.0,10.0,11.0,12.0,786.0,26.0,68.0,2,0,1,8.0,90.0,2,1,3.5,1,0,0,1,3.0,0,1,2,1,70.0,0,0,0,11.0
0,0,18.0,1,1,1,2.0,2.0,2,2,1,2,1.0,2.0,0.0,0,0,0,1,0,1,1,1,4.0,3.0,3.0,1.0,1.0,2.0,0.0,10.0,9.0,12.0,787.0,25.0,69.0,0,2,1,7.0,56.0,2,1,2.0,1,2,0,1,4.0,0,1,2,1,67.0,2,0,0,10.333333333333334
0,0,18.0,0,0,1,2.0,2.0,0,2,0,1,2.0,3.5,0.0,0,0,0,1,1,1,0,0,4.0,4.0,4.0,1.0,1.0,4.0,6.0,14.0,13.0,14.0,788.0,23.0,92.0,1,2,0,8.0,54.0,2,1,0.0,0,1,1,2,1.0,0,2,2,0,68.0,2,0,0,13.666666666666666
0,0,17.0,1,0,1,3.0,4.0,3,2,0,1,1.0,3.0,0.0,0,0,0,0,1,1,1,0,4.0,4.0,5.0,1.0,3.0,5.0,8.0,11.0,13.0,14.0,789.0,20.0,83.0,0,1,0,9.0,77.0,0,1,0.0,1,2,1,2,3.0,1,1,2,1,67.0,0,2,0,12.666666666666666
0,0,17.0,1,0,1,3.0,2.0,2,2,1,1,1.0,2.0,0.0,0,1,0,0,1,1,1,1,4.0,3.0,2.0,2.0,3.0,2.0,0.0,12.0,13.0,15.0,790.0,10.0,60.0,2,2,0,9.0,85.0,2,1,0.0,2,0,1,2,4.0,0,2,2,1,62.0,0,1,0,13.333333333333334
0,0,18.0,1,1,1,3.0,3.0,3,3,1,1,1.0,3.5,0.0,0,1,0,0,1,1,1,0,5.0,3.0,3.0,1.0,1.0,1.0,4.0,14.0,14.0,15.0,791.0,23.0,77.0,1,2,1,8.0,96.0,2,1,1.0,0,2,0,1,1.0,1,0,2,1,67.0,0,0,0,14.333333333333334
0,0,17.0,0,0,0,3.0,2.0,2,2,1,1,1.0,2.0,0.0,0,1,0,0,1,1,1,0,4.0,3.0,3.0,2.0,3.0,2.0,0.0,14.0,14.0,16.0,792.0,21.0,76.0,2,0,1,8.0,83.0,2,1,0.0,1,2,1,2,5.0,0,1,2,1,68.0,0,0,0,14.666666666666666
0,1,18.0,1,0,1,4.0,4.0,4,3,1,0,1.0,2.0,0.0,0,1,0,1,1,1,1,0,4.0,3.0,3.0,2.0,2.0,2.0,0.0,12.0,12.0,13.0,793.0,22.0,65.0,1,2,0,7.0,97.0,1,1,2.0,2,0,0,1,4.0,0,1,1,0,64.0,0,0,0,12.333333333333334
0,1,18.0,1,1,1,3.0,4.0,3,2,1,1,1.0,2.0,0.0,0,0,0,1,1,1,1,1,4.0,3.0,3.0,1.0,3.0,5.0,6.0,16.0,16.0,17.0,794.0,12.0,87.0,2,1,1,7.0,62.0,2,0,2.0,2,2,1,1,4.0,0,1,2,0,64.0,2,2,0,16.333333333333332
0,0,17.0,1,0,0,2.0,2.0,0,0,1,0,1.0,2.0,0.0,0,1,0,0,1,1,1,1,3.0,3.0,1.0,1.0,2.0,4.0,15.0,10.0,12.0,14.0,795.0,14.0,88.0,2,2,0,8.0,67.0,2,1,2.0,0,1,1,1,3.0,0,2,0,1,66.0,2,2,0,12.0
0,0,18.0,1,0,1,2.0,3.0,0,2,0,1,1.0,3.0,0.0,0,1,0,0,1,1,1,0,4.0,3.0,3.0,1.0,2.0,3.0,0.0,11.0,12.0,14.0,796.0,26.0,89.0,2,1,1,7.0,92.0,2,1,2.0,1,0,1,2,2.0,0,2,1,1,72.0,0,0,0,12.333333333333334
0,0,18.0,1,0,1,3.0,2.0,2,3,2,1,1.0,3.0,0.0,0,0,0,0,1,1,1,1,5.0,4.0,3.0,2.0,3.0,1.0,4.0,14.0,16.0,17.0,797.0,20.0,89.0,2,0,1,8.0,91.0,2,1,2.0,2,2,1,2,3.0,0,1,2,0,72.0,0,2,0,15.666666666666666
0,1,18.0,0,0,1,4.0,3.0,4,3,0,1,1.0,3.0,0.0,0,0,0,0,1,1,1,1,5.0,3.0,2.0,1.0,2.0,4.0,4.0,15.0,14.0,17.0,798.0,24.0,60.0,2,0,1,9.0,83.0,0,1,2.0,2,1,1,2,3.0,1,1,2,1,66.0,0,0,0,15.333333333333334
0,1,18.0,1,0,1,4.0,3.0,4,2,0,1,1.0,3.0,0.0,0,1,0,0,1,1,1,1,5.0,4.0,5.0,2.0,3.0,5.0,0.0,14.0,13.0,14.0,799.0,20.0,98.0,1,2,0,7.0,75.0,0,1,3.5,2,2,0,2,1.0,0,0,2,1,72.0,0,2,0,13.666666666666666
0,0,17.0,1,0,1,4.0,3.0,1,2,3,1,1.0,3.0,0.0,0,1,0,1,1,1,1,1,4.0,4.0,3.0,1.0,3.0,4.0,0.0,11.0,12.0,13.0,800.0,20.0,93.0,0,2,1,4.0,51.0,1,1,1.0,2,2,1,2,3.0,0,1,2,1,69.0,2,2,1,12.0
0,0,17.0,1,0,1,2.0,1.0,3,2,0,1,2.0,2.0,0.0,0,1,0,1,1,1,1,1,4.0,3.0,4.0,2.0,2.0,1.0,10.0,12.0,15.0,15.0,801.0,26.0,96.0,0,0,1,10.0,64.0,1,1,2.0,2,2,0,1,3.0,1,1,2,0,72.0,2,0,0,14.0
0,0,17.0,1,0,1,2.0,1.0,3,2,3,1,1.0,2.0,0.0,0,1,0,1,1,1,1,0,4.0,3.0,5.0,2.0,4.0,4.0,4.0,12.0,16.0,16.0,802.0,17.0,61.0,1,1,1,6.0,58.0,2,1,1.0,2,0,1,1,4.0,0,1,2,1,60.0,2,2,1,14.666666666666666
0,0,19.0,1,1,0,2.0,3.0,0,2,1,2,2.0,1.0,0.0,0,0,0,0,1,0,1,0,2.5,2.0,3.0,3.0,4.0,5.0,15.0,10.0,11.0,11.0,803.0,21.0,97.0,2,2,1,7.0,53.0,2,1,0.0,0,2,1,1,2.0,0,1,1,1,69.0,2,0,0,10.666666666666666
0,0,17.0,1,0,1,3.0,1.0,2,0,1,1,1.0,1.0,0.0,0,1,1,0,1,1,1,1,4.0,1.5,2.0,1.0,1.0,3.0,6.0,10.0,13.0,13.0,804.0,17.0,92.0,2,0,0,8.0,89.0,2,1,0.0,1,1,1,2,3.0,1,1,2,1,68.0,0,2,0,12.0
0,0,21.0,1,1,1,4.0,4.0,2,2,3,2,1.0,3.0,0.0,0,0,1,1,1,1,1,0,3.0,3.0,2.0,1.0,1.0,5.0,0.0,9.0,12.0,12.0,805.0,17.0,93.0,1,2,1,9.0,57.0,0,1,3.0,1,0,0,1,2.0,0,0,2,1,69.0,2,2,0,11.0
0,1,18.0,1,1,1,2.0,2.0,3,3,3,1,1.0,2.0,0.0,0,1,0,1,0,0,1,0,4.0,4.0,4.0,1.0,3.0,3.0,11.0,9.0,11.0,12.0,806.0,18.0,64.0,2,1,1,10.0,68.0,1,1,1.0,1,2,1,2,5.0,0,1,2,1,62.0,2,2,0,10.666666666666666
0,1,18.0,1,1,0,3.0,4.0,2,2,3,2,1.0,2.0,0.0,0,0,0,1,1,1,1,1,4.0,3.0,5.0,1.0,4.0,2.0,9.0,13.0,14.0,15.0,807.0,21.0,90.0,2,2,1,6.0,99.0,1,1,2.0,1,0,1,2,2.0,0,1,1,1,71.0,0,0,1,14.0
0,0,17.0,1,0,1,2.0,2.0,3,3,3,1,1.0,2.0,0.0,0,1,0,1,1,1,1,0,4.0,3.0,4.0,1.0,3.0,4.0,0.0,13.0,17.0,17.0,808.0,17.0,98.0,2,0,1,9.0,70.0,1,1,1.0,0,2,0,0,2.0,0,1,2,1,70.0,2,2,0,15.666666666666666
0,1,17.0,1,1,0,4.0,4.0,1,2,3,1,1.0,3.0,0.0,0,1,0,0,1,1,1,0,4.0,4.0,2.0,1.0,2.0,4.0,2.0,12.0,15.0,15.0,809.0,28.0,87.0,1,1,1,7.0,57.0,2,1,2.0,2,0,0,0,4.0,0,1,1,1,68.0,2,0,0,14.0
0,0,18.0,1,1,1,4.0,2.0,4,2,0,1,1.0,2.0,0.0,0,1,0,1,1,1,1,0,4.0,2.0,2.0,1.0,1.0,3.0,0.0,14.0,17.0,17.0,810.0,15.0,83.0,0,2,1,10.0,84.0,2,1,1.0,0,0,1,0,2.0,0,0,2,1,68.0,0,2,0,16.0
0,1,21.0,0,1,1,1.0,1.0,0,2,0,2,2.0,2.0,0.0,0,1,0,1,1,0,1,1,5.0,3.0,3.0,3.5,2.0,4.0,15.0,9.0,10.0,10.0,811.0,19.0,98.0,2,0,0,9.0,90.0,1,0,1.0,0,2,0,2,2.0,0,0,0,0,70.0,0,2,0,9.666666666666666
0,0,20.0,0,0,1,1.0,1.0,2,2,3,2,2.0,3.0,0.0,0,0,0,0,1,1,1,1,3.0,2.0,2.0,1.0,3.0,3.0,8.0,11.0,15.0,15.0,812.0,17.0,78.0,2,0,0,7.0,64.0,2,1,0.0,1,2,0,1,3.0,0,1,2,0,65.0,2,2,0,13.666666666666666
0,0,19.0,1,0,1,4.0,4.0,4,2,1,2,1.0,1.0,0.0,0,1,0,0,1,1,1,1,3.0,2.0,5.0,3.5,4.0,5.0,5.0,9.0,10.0,11.0,813.0,29.0,84.0,0,2,1,6.0,90.0,2,1,0.0,2,0,1,2,3.0,0,2,0,1,73.0,0,0,1,10.0
0,1,17.0,1,1,0,3.0,2.0,2,2,3,1,1.0,2.0,0.0,0,1,0,0,1,1,1,0,4.0,4.0,4.0,1.0,2.0,5.0,10.0,16.0,18.0,18.0,814.0,21.0,79.0,0,2,0,4.0,64.0,1,1,0.0,1,0,1,0,4.0,0,0,1,1,66.0,2,0,1,17.333333333333332
0,0,18.0,1,0,1,3.0,2.0,0,2,3,0,1.0,3.0,0.0,0,1,0,0,1,1,1,1,4.0,3.0,4.0,1.0,2.0,2.0,5.0,14.0,17.0,17.0,815.0,26.0,97.0,2,2,0,8.0,85.0,1,0,2.0,0,1,1,1,3.0,0,1,2,1,71.0,0,0,0,16.0
0,1,18.0,0,0,1,2.0,3.0,2,3,3,0,1.0,1.0,0.0,0,0,0,0,1,1,1,0,3.0,1.5,3.0,3.5,5.0,4.0,13.0,13.0,14.0,14.0,816.0,11.0,63.0,0,2,1,9.0,56.0,0,1,2.0,2,2,1,1,3.0,0,1,2,0,62.0,2,2,0,13.666666666666666
0,1,19.0,1,0,1,2.0,1.0,2,2,3,1,1.0,1.0,0.0,0,0,0,0,1,1,1,0,5.0,3.0,4.0,1.0,4.0,4.0,10.0,7.0,11.0,11.0,817.0,22.0,80.0,2,2,1,8.0,71.0,0,1,2.0,1,2,0,2,3.0,0,1,2,0,68.0,0,0,0,9.666666666666666
0,0,18.0,1,1,0,2.0,2.0,3,2,3,1,2.0,2.0,0.0,0,1,0,0,1,1,1,0,4.0,1.5,4.0,1.0,3.0,4.0,10.0,14.0,17.0,17.0,818.0,25.0,87.0,2,0,0,4.0,76.0,1,1,1.0,1,0,1,2,4.0,0,0,0,1,70.0,0,0,1,16.0
0,0,20.0,1,0,1,1.0,0.0,2,2,3,1,2.0,1.0,0.0,1,0,0,0,1,1,1,1,5.0,3.0,1.0,1.0,1.0,5.0,5.0,8.0,10.0,10.0,819.0,20.0,92.0,2,1,0,5.0,86.0,1,1,0.0,2,2,1,1,2.0,0,2,1,0,68.0,0,2,1,9.333333333333334
0,0,18.0,1,0,1,3.0,2.0,3,2,1,1,1.0,2.0,0.0,0,1,0,1,0,1,1,1,3.0,1.5,2.0,1.0,2.0,1.0,4.0,10.0,13.0,13.0,820.0,26.0,83.0,0,1,1,8.0,83.0,2,1,2.0,1,0,1,1,2.0,0,0,2,0,71.0,0,0,0,12.0
1,0,16.0,1,0,1,1.0,3.0,0,2,2,0,2.0,1.0,0.0,0,1,0,0,1,0,1,1,4.0,3.0,3.0,1.0,3.0,5.0,11.0,10.0,11.0,11.0,821.0,17.0,96.0,2,2,1,10.0,93.0,2,1,2.0,2,1,1,0,4.0,0,1,2,0,70.0,0,2,0,10.666666666666666
1,0,16.0,0,0,1,2.0,2.0,2,2,0,1,2.0,2.0,0.0,0,1,0,1,1,1,1,0,4.0,4.0,4.0,1.0,1.0,5.0,0.0,12.0,12.0,12.0,822.0,28.0,98.0,2,2,1,7.0,59.0,2,1,1.0,1,2,1,2,3.0,0,1,2,1,72.0,2,0,0,12.0
1,0,15.0,0,0,1,1.0,1.0,0,3,2,1,1.0,1.0,0.0,0,1,0,0,1,1,0,1,4.0,1.5,3.0,1.0,1.0,2.0,6.0,10.0,10.0,10.0,823.0,34.0,63.0,2,0,1,9.0,83.0,2,1,2.0,2,0,1,0,2.0,0,0,1,1,69.0,0,0,0,10.0
1,0,15.0,0,0,1,3.0,3.0,0,2,0,1,2.0,1.0,0.0,0,1,0,0,1,1,1,0,5.0,4.0,4.0,2.0,3.0,5.0,4.0,10.0,10.0,11.0,824.0,18.0,76.0,2,0,0,5.0,56.0,2,1,1.0,1,1,1,0,2.0,0,0,1,1,63.0,2,2,1,10.333333333333334
1,0,16.0,0,0,1,2.0,3.0,0,3,0,1,2.0,2.0,0.0,0,0,0,0,1,1,0,0,4.0,5.0,2.0,1.0,2.0,5.0,0.0,16.0,17.0,17.0,825.0,17.0,61.0,2,2,0,7.0,74.0,0,1,0.0,2,2,1,1,2.0,0,2,2,0,62.0,0,2,0,16.666666666666668
1,0,15.0,0,1,1,2.0,1.0,0,2,1,1,2.0,1.0,0.0,0,0,0,0,1,0,0,0,2.5,3.0,4.0,1.0,1.0,1.0,0.0,6.0,8.0,9.0,826.0,29.0,73.0,2,2,0,7.0,76.0,2,1,2.0,1,0,0,1,3.0,0,1,2,0,68.0,0,0,0,7.666666666666667
1,1,16.0,0,1,0,4.0,4.0,0,2,1,1,1.0,2.0,0.0,0,1,0,0,1,1,0,0,5.0,3.0,2.0,1.0,3.0,2.0,5.0,10.0,11.0,11.0,827.0,29.0,81.0,1,2,1,9.0,51.0,1,1,2.0,2,2,1,2,5.0,0,2,2,1,70.0,2,0,0,10.666666666666666
1,1,16.0,1,0,0,1.0,2.0,2,2,2,1,1.0,3.0,0.0,1,0,0,0,1,1,1,0,4.0,4.0,3.0,1.0,1.0,5.0,0.0,10.0,11.0,11.0,828.0,17.0,96.0,2,2,1,6.0,54.0,2,1,1.0,2,2,0,2,4.0,0,1,2,1,69.0,2,2,1,10.666666666666666
1,0,17.0,0,0,1,3.0,2.0,0,2,0,0,1.0,2.0,0.0,0,0,0,0,1,1,0,1,4.0,5.0,4.0,1.0,2.0,5.0,0.0,10.0,10.0,10.0,829.0,17.0,94.0,2,2,0,10.0,92.0,1,1,2.0,1,2,0,0,2.0,0,1,2,1,68.0,0,2,0,10.0
1,0,17.0,0,0,1,1.0,1.0,2,2,2,0,1.0,1.0,0.0,0,1,0,0,0,0,1,0,5.0,4.0,4.0,2.0,2.0,5.0,0.0,6.0,6.0,7.0,830.0,18.0,65.0,0,2,1,7.0,64.0,2,1,2.0,0,2,1,2,1.0,0,1,2,1,65.0,2,2,0,6.333333333333333
1,0,15.0,0,0,1,4.0,4.0,4,2,0,1,2.0,1.0,0.0,0,0,0,0,1,1,1,1,2.5,5.0,1.0,3.0,5.0,5.0,0.0,13.0,14.0,14.0,831.0,12.0,64.0,2,1,0,5.0,67.0,2,1,3.0,1,2,0,2,2.0,1,1,2,1,59.0,2,2,1,13.666666666666666
1,0,16.0,1,1,0,2.0,2.0,0,2,3,1,2.0,3.5,0.0,0,0,0,1,0,0,0,1,2.5,2.0,1.0,1.0,1.0,1.0,4.0,10.0,9.0,11.0,832.0,14.0,84.0,2,2,0,5.0,82.0,2,1,3.0,1,2,1,2,3.0,0,0,0,1,66.0,0,2,1,10.0
1,0,15.0,0,1,1,1.0,1.0,0,3,3,0,2.0,2.0,0.0,0,1,0,0,1,1,1,0,5.0,4.0,3.0,1.0,2.0,4.0,0.0,10.0,10.0,10.0,833.0,14.0,81.0,0,2,0,6.0,61.0,1,1,0.0,1,2,1,2,4.0,0,1,1,1,64.0,2,2,1,10.0
1,0,15.0,0,1,1,1.0,1.0,2,3,0,1,2.0,1.0,0.0,0,1,0,0,1,1,1,1,4.0,4.0,3.0,1.0,2.0,2.0,4.0,6.0,7.0,8.0,834.0,15.0,71.0,1,2,0,8.0,60.0,0,0,3.5,1,0,1,2,4.0,0,1,0,0,63.0,2,2,0,7.0
1,0,16.0,0,0,1,0.0,2.0,2,2,2,1,2.0,1.0,0.0,0,1,0,1,1,1,0,0,3.0,2.0,3.0,1.0,2.0,2.0,0.0,12.0,11.0,12.0,835.0,20.0,96.0,2,2,0,6.0,71.0,2,1,3.5,1,0,1,1,3.0,0,0,2,1,72.0,0,2,1,11.666666666666666
1,0,17.0,0,0,1,2.0,3.0,2,2,0,1,2.0,1.0,0.0,0,1,0,0,1,1,1,0,5.0,5.0,5.0,1.0,3.0,3.0,2.0,10.0,11.0,12.0,836.0,21.0,97.0,2,0,1,6.0,53.0,1,1,0.0,1,2,1,0,3.0,1,1,1,1,67.0,2,0,1,11.0
1,0,15.0,0,0,1,3.0,3.0,2,3,0,0,2.0,1.0,0.0,0,0,0,0,0,1,1,0,4.0,1.5,3.0,1.0,1.0,4.0,0.0,14.0,16.0,16.0,837.0,29.0,76.0,2,2,0,8.0,96.0,1,1,2.0,1,2,1,2,2.0,0,2,1,1,75.0,0,0,0,15.333333333333334
1,1,16.0,1,0,1,1.0,1.0,0,3,1,1,2.0,2.0,0.0,0,1,0,1,1,1,0,1,5.0,4.0,5.0,3.5,5.0,3.0,0.0,7.0,3.0,4.0,838.0,14.0,96.0,2,0,1,4.0,97.0,1,1,2.0,2,2,1,0,3.0,0,1,2,0,70.0,0,2,1,4.666666666666667
1,1,17.0,1,0,1,1.0,1.0,2,2,1,1,1.0,2.0,0.0,0,0,1,0,0,1,1,0,4.0,4.0,3.0,2.0,4.0,5.0,4.0,8.0,9.0,9.0,839.0,26.0,75.0,1,2,0,6.0,72.0,2,1,0.0,1,0,1,1,3.0,0,1,2,1,66.0,0,0,1,8.666666666666666
1,1,15.0,0,1,1,4.0,1.0,1,3,3,0,1.0,2.0,0.0,0,1,0,1,1,1,1,0,5.0,3.0,4.0,1.0,2.0,2.0,0.0,12.0,13.0,14.0,840.0,19.0,89.0,1,2,1,5.0,60.0,1,1,3.5,2,2,1,2,2.0,0,2,1,0,69.0,2,2,1,13.0
1,1,15.0,0,1,1,4.0,1.0,1,3,3,0,1.0,2.0,0.0,0,1,0,1,1,1,1,0,5.0,3.0,4.0,1.0,2.0,2.0,7.0,7.0,9.0,8.0,841.0,20.0,79.0,2,1,1,6.0,74.0,1,1,2.0,1,2,1,2,2.0,0,1,0,1,64.0,0,2,1,8.0
1,1,16.0,0,0,1,3.0,4.0,2,1,2,1,3.0,2.0,0.0,0,0,0,0,0,1,0,0,3.0,4.0,5.0,1.0,2.0,5.0,4.0,9.0,10.0,11.0,842.0,24.0,65.0,2,2,0,7.0,55.0,1,1,1.0,1,0,0,2,3.0,1,1,2,0,63.0,2,0,0,10.0
1,1,15.0,0,0,1,1.0,1.0,2,2,0,1,3.5,2.0,0.0,0,1,0,1,1,1,0,1,5.0,4.0,5.0,2.0,4.0,4.0,8.0,7.0,9.0,9.0,843.0,13.0,97.0,0,0,0,7.0,70.0,2,1,1.0,1,0,1,1,4.0,0,2,2,0,71.0,2,2,0,8.333333333333334
1,1,15.0,1,1,1,3.0,3.0,0,0,3,0,1.0,2.0,0.0,0,1,0,1,1,1,1,0,5.0,3.0,3.0,1.0,1.0,5.0,0.0,11.0,11.0,11.0,844.0,22.0,78.0,0,2,0,7.0,54.0,2,1,1.0,2,2,1,0,3.0,1,1,1,1,65.0,2,0,0,11.0
1,1,17.0,0,0,1,2.0,1.0,2,2,2,1,3.0,1.0,0.0,0,0,0,1,1,0,0,1,5.0,5.0,5.0,3.5,5.0,3.0,8.0,8.0,10.0,9.0,845.0,21.0,89.0,1,2,1,9.0,85.0,1,1,1.0,2,2,1,0,5.0,0,0,0,0,68.0,0,0,0,9.0
1,0,16.0,0,0,1,4.0,4.0,4,4,0,1,2.0,3.0,0.0,0,0,0,1,1,1,1,1,4.0,2.0,2.0,1.0,1.0,4.0,6.0,16.0,16.0,17.0,846.0,23.0,75.0,2,2,0,7.0,64.0,0,1,1.0,1,2,1,0,3.0,1,1,1,1,64.0,2,0,0,16.333333333333332
1,0,15.0,0,0,1,1.0,2.0,2,3,0,1,2.0,1.0,0.0,0,0,0,0,1,1,0,0,5.0,1.5,2.0,1.0,1.0,1.0,3.0,11.0,13.0,13.0,847.0,22.0,61.0,1,1,1,10.0,76.0,0,1,1.0,0,0,1,2,2.0,0,0,2,1,64.0,0,0,0,12.333333333333334
1,0,16.0,0,0,1,2.0,3.0,2,3,0,1,3.0,2.0,0.0,0,1,0,0,1,1,1,0,4.0,5.0,4.0,1.0,2.0,1.0,2.0,15.0,15.0,15.0,848.0,35.0,64.0,2,2,1,8.0,51.0,2,1,2.0,2,2,1,0,5.0,1,1,2,1,66.0,2,0,0,15.0
1,1,16.0,0,0,1,1.0,2.0,2,2,0,0,2.0,2.0,0.0,0,0,0,0,1,1,0,0,4.0,3.0,3.0,1.0,1.0,5.0,0.0,10.0,11.0,11.0,849.0,16.0,80.0,0,2,0,6.0,76.0,2,1,1.0,2,0,1,2,4.0,0,0,2,1,68.0,0,2,1,10.666666666666666
1,0,16.0,0,0,1,2.0,2.0,2,2,0,1,3.0,2.0,0.0,0,1,0,0,1,1,1,0,4.0,4.0,5.0,1.0,1.0,4.0,4.0,9.0,10.0,11.0,850.0,17.0,88.0,2,2,0,10.0,50.0,2,1,3.0,1,0,1,1,5.0,0,0,1,0,67.0,1,2,0,10.0
1,0,16.0,1,0,1,1.0,2.0,2,3,0,1,1.0,3.0,0.0,0,1,0,0,1,1,0,0,2.5,3.0,2.0,1.0,2.0,4.0,0.0,10.0,8.0,8.0,851.0,16.0,73.0,1,0,1,7.0,96.0,2,1,1.0,2,2,0,2,3.0,0,1,1,0,66.0,0,2,0,8.666666666666666
1,0,16.0,1,0,1,1.0,2.0,2,3,0,1,1.0,3.0,0.0,0,1,0,0,1,1,0,0,2.5,3.0,2.0,1.0,2.0,4.0,3.0,9.0,8.0,8.0,852.0,17.0,88.0,2,2,1,10.0,75.0,2,1,2.0,2,2,1,1,3.0,0,1,2,1,68.0,0,2,0,8.333333333333334
1,0,15.0,1,0,1,2.0,1.0,0,2,1,1,1.0,2.0,0.0,1,1,0,0,0,1,1,0,4.0,4.0,2.0,3.0,3.0,2.0,0.0,9.0,10.0,9.0,853.0,16.0,88.0,1,2,0,7.0,55.0,2,1,3.0,1,1,1,1,3.0,0,2,2,1,66.0,2,2,0,9.333333333333334
1,0,16.0,1,0,1,1.0,1.0,0,2,0,0,1.0,2.0,0.0,0,1,0,0,0,1,0,1,5.0,4.0,3.0,2.0,1.0,2.0,0.0,13.0,14.0,15.0,854.0,27.0,88.0,2,2,0,7.0,67.0,2,1,3.0,0,2,1,1,4.0,0,0,0,1,71.0,2,0,0,14.0
1,1,17.0,0,1,1,1.0,2.0,0,3,3,1,1.0,1.0,0.0,0,1,0,1,1,1,1,0,5.0,5.0,5.0,3.5,5.0,3.0,4.0,10.0,11.0,11.0,855.0,29.0,80.0,2,0,1,8.0,52.0,2,1,3.5,1,2,1,2,4.0,0,1,1,0,71.0,2,0,0,10.666666666666666
1,0,16.0,0,0,1,1.0,1.0,2,2,1,0,3.5,3.5,0.0,0,1,0,0,0,1,1,0,4.0,3.0,2.0,1.0,1.0,1.0,0.0,13.0,10.0,13.0,856.0,17.0,97.0,2,0,0,7.0,77.0,2,1,0.0,1,2,0,0,4.0,0,0,0,1,68.0,0,2,0,12.0
1,0,16.0,0,0,1,1.0,1.0,0,2,2,0,3.5,3.0,0.0,1,1,0,0,1,1,0,0,4.0,4.0,3.0,1.0,1.0,5.0,2.0,10.0,9.0,10.0,857.0,15.0,80.0,0,1,0,9.0,56.0,0,1,3.0,2,2,1,1,3.0,1,1,2,0,64.0,2,2,0,9.666666666666666
1,0,15.0,0,0,1,1.0,1.0,0,2,1,0,2.0,2.0,0.0,0,1,0,1,1,1,1,0,4.0,3.0,3.0,1.0,1.0,2.0,1.0,11.0,10.0,11.0,858.0,23.0,78.0,2,2,1,10.0,74.0,1,1,3.0,2,2,1,0,4.0,0,1,1,1,67.0,0,0,0,10.666666666666666
1,0,16.0,0,0,1,1.0,1.0,0,2,2,1,2.0,1.0,0.0,0,0,0,1,1,1,1,1,4.0,2.0,2.0,3.5,3.0,2.0,0.0,13.0,12.0,14.0,859.0,17.0,68.0,0,2,1,4.0,65.0,0,1,0.0,2,2,0,2,2.0,0,1,1,1,64.0,2,2,1,13.0
1,0,15.0,0,0,1,1.0,1.0,0,0,0,0,3.0,2.0,0.0,0,1,0,0,1,1,0,0,4.0,2.0,1.0,1.0,2.0,2.0,0.0,13.0,14.0,14.0,860.0,24.0,72.0,0,1,1,8.0,88.0,0,1,3.0,1,2,1,2,2.0,0,1,2,0,68.0,0,0,0,13.666666666666666
1,0,15.0,0,1,1,2.0,2.0,2,2,2,0,1.0,3.0,0.0,1,1,0,0,1,1,0,0,4.0,4.0,3.0,2.0,2.0,5.0,2.0,14.0,11.0,12.0,861.0,21.0,62.0,2,1,0,6.0,74.0,0,1,0.0,1,0,0,2,3.0,1,2,0,1,62.0,0,0,1,12.333333333333334
1,1,16.0,0,0,1,1.0,1.0,0,2,2,0,2.0,1.0,0.0,0,0,0,1,1,1,0,0,3.0,4.0,4.0,3.0,4.0,5.0,6.0,11.0,11.0,11.0,862.0,11.0,85.0,2,1,1,4.0,92.0,1,1,0.0,2,0,1,1,1.0,0,0,2,1,64.0,0,2,1,11.0
1,0,18.0,1,0,1,1.0,2.0,2,2,0,0,1.0,2.0,0.0,0,1,0,1,1,1,1,1,3.0,4.0,4.0,2.0,3.0,5.0,9.0,9.0,8.0,8.0,863.0,29.0,70.0,1,0,0,8.0,97.0,1,1,3.0,1,0,1,2,3.0,0,2,1,1,70.0,0,0,0,8.333333333333334
1,1,15.0,1,0,1,3.0,1.0,2,3,1,1,2.0,1.0,0.0,0,1,0,0,1,1,0,0,3.0,2.0,3.0,1.0,3.0,4.0,0.0,10.0,9.0,11.0,864.0,31.0,72.0,2,2,0,8.0,98.0,0,1,0.0,1,2,1,1,4.0,0,0,0,1,68.0,0,0,0,10.0
1,0,16.0,0,0,1,2.0,2.0,2,3,0,0,3.0,2.0,0.0,0,1,0,1,1,1,1,0,5.0,3.0,4.0,1.0,1.0,2.0,1.0,14.0,13.0,14.0,865.0,16.0,91.0,2,2,0,8.0,63.0,0,1,2.0,2,0,1,1,3.0,0,0,2,0,69.0,2,2,0,13.666666666666666
1,1,15.0,1,0,1,2.0,2.0,1,2,3,1,3.0,1.0,0.0,0,0,0,0,1,1,0,0,4.0,3.0,3.0,1.0,2.0,4.0,1.0,13.0,12.0,13.0,866.0,18.0,73.0,1,2,1,8.0,88.0,1,1,3.0,1,2,1,2,4.0,0,0,1,1,65.0,0,2,0,12.666666666666666
1,1,16.0,1,0,1,4.0,4.0,2,4,0,0,1.0,2.0,0.0,0,1,0,1,1,1,0,1,4.0,3.0,1.0,1.0,1.0,3.0,0.0,13.0,12.0,13.0,867.0,22.0,70.0,2,0,1,8.0,72.0,2,1,2.0,0,2,1,1,3.0,0,1,2,1,67.0,0,0,0,12.666666666666666
1,0,15.0,0,0,1,3.0,3.0,3,2,3,1,1.0,2.0,0.0,0,1,0,0,1,1,1,1,4.0,5.0,4.0,1.0,1.0,1.0,4.0,13.0,12.0,12.0,868.0,22.0,67.0,0,2,0,6.0,71.0,1,1,2.0,2,2,1,2,2.0,0,0,1,1,65.0,0,0,1,12.333333333333334
1,0,16.0,0,0,1,2.0,2.0,0,2,0,1,2.0,2.0,0.0,0,1,0,1,0,1,0,0,4.0,4.0,4.0,2.0,3.0,5.0,2.0,12.0,11.0,12.0,869.0,24.0,91.0,0,2,0,7.0,93.0,1,1,0.0,2,2,1,2,2.0,0,1,1,1,71.0,0,0,0,11.666666666666666
1,0,16.0,0,1,1,2.0,2.0,2,2,1,0,3.0,1.0,0.0,0,1,0,1,1,1,0,1,4.0,3.0,2.0,1.0,1.0,4.0,0.0,14.0,14.0,16.0,870.0,32.0,65.0,2,1,1,8.0,57.0,1,1,2.0,1,2,1,2,3.0,0,1,1,0,65.0,2,0,0,14.666666666666666
1,1,16.0,1,1,1,2.0,1.0,0,3,0,1,2.0,1.0,0.0,0,1,0,1,1,1,1,0,2.5,4.0,3.0,2.0,3.0,4.0,4.0,10.0,8.0,10.0,871.0,19.0,78.0,2,2,1,9.0,74.0,1,1,2.0,1,2,1,2,5.0,0,1,1,0,66.0,0,2,0,9.333333333333334
1,1,15.0,0,1,1,1.0,3.0,0,2,3,0,3.0,1.0,0.0,0,1,0,1,1,1,1,0,4.0,2.0,4.0,3.0,5.0,3.0,2.0,10.0,11.0,11.0,872.0,15.0,80.0,0,2,0,7.0,80.0,2,1,0.0,1,1,1,1,5.0,0,1,2,0,65.0,0,2,0,10.666666666666666
1,0,15.0,1,0,1,2.0,2.0,2,3,0,1,2.0,3.0,0.0,0,1,0,1,1,1,0,0,5.0,3.0,2.0,1.0,1.0,4.0,0.0,12.0,13.0,14.0,873.0,12.0,87.0,2,2,1,7.0,53.0,1,1,2.0,2,2,0,1,1.0,0,0,2,1,65.0,2,2,0,13.0
1,0,16.0,0,1,1,2.0,1.0,2,2,1,1,1.0,1.0,0.0,0,1,0,0,1,1,1,1,5.0,4.0,3.0,1.0,1.0,5.0,2.0,10.0,8.0,8.0,874.0,16.0,85.0,1,2,0,7.0,93.0,0,1,1.0,2,0,1,2,3.0,0,1,2,1,68.0,0,2,0,8.666666666666666
1,1,15.0,1,0,1,3.0,3.0,3,3,0,0,2.0,1.0,0.0,0,1,0,1,0,1,1,0,4.0,3.0,3.0,2.0,4.0,3.0,11.0,12.0,10.0,11.0,875.0,20.0,92.0,2,2,1,5.0,66.0,2,1,2.0,2,2,1,0,2.0,1,0,1,1,68.0,2,2,1,11.0
1,0,16.0,0,0,1,1.0,1.0,0,2,0,0,2.0,2.0,0.0,1,1,0,0,1,1,0,0,3.0,4.0,3.0,1.0,1.0,1.0,0.0,7.0,7.0,8.0,876.0,31.0,62.0,0,2,0,8.0,83.0,2,1,0.0,2,0,0,1,2.0,1,0,2,0,67.0,0,0,0,7.333333333333333
1,0,17.0,1,0,1,2.0,2.0,2,0,0,1,1.0,1.0,0.0,0,1,0,1,1,0,0,0,4.0,5.0,3.0,1.0,1.0,5.0,4.0,9.0,9.0,10.0,877.0,17.0,72.0,1,2,1,5.0,96.0,0,1,3.0,0,2,1,0,3.0,0,1,1,1,65.0,0,2,1,9.333333333333334
1,0,19.0,1,0,1,2.0,3.0,0,3,0,2,1.0,1.0,0.0,0,0,0,0,1,0,1,1,4.0,4.0,4.0,1.0,1.0,2.0,0.0,9.0,9.0,10.0,878.0,21.0,71.0,2,1,0,8.0,86.0,2,1,2.0,2,0,1,1,2.0,0,0,2,1,66.0,0,0,0,9.333333333333334
1,0,17.0,0,0,1,2.0,1.0,0,2,0,1,3.0,1.0,0.0,0,1,0,1,1,0,0,1,5.0,5.0,3.0,1.0,1.0,3.0,2.0,9.0,10.0,11.0,879.0,20.0,66.0,2,2,1,7.0,94.0,1,1,0.0,2,1,1,1,4.0,0,1,1,0,63.0,0,2,0,10.0
1,0,15.0,0,1,1,1.0,1.0,0,2,0,1,2.0,1.0,0.0,0,1,0,0,1,0,0,1,5.0,2.0,1.0,1.0,3.0,4.0,0.0,9.0,10.0,9.0,880.0,27.0,72.0,0,0,1,5.0,53.0,2,1,1.0,0,2,0,1,5.0,0,2,2,1,70.0,2,0,1,9.333333333333334
1,0,16.0,0,0,1,2.0,2.0,2,2,0,0,3.0,2.0,0.0,0,1,0,0,1,0,1,0,3.0,4.0,5.0,1.0,2.0,1.0,1.0,9.0,10.0,11.0,881.0,35.0,72.0,0,0,1,5.0,75.0,2,1,1.0,1,2,1,2,5.0,0,0,1,1,72.0,0,0,1,10.0
1,0,16.0,1,1,0,2.0,2.0,2,2,1,1,1.0,1.0,0.0,0,1,0,0,1,0,0,0,4.0,3.0,4.0,1.0,2.0,1.0,6.0,7.0,7.0,8.0,882.0,17.0,81.0,2,0,0,6.0,78.0,2,1,2.0,1,2,0,2,2.0,0,1,1,1,67.0,0,2,1,7.333333333333333
1,0,17.0,0,0,1,2.0,2.0,0,2,0,1,2.0,2.0,0.0,0,1,0,0,1,1,1,0,4.0,3.0,5.0,1.0,2.0,4.0,0.0,11.0,10.0,11.0,883.0,17.0,87.0,0,1,1,6.0,84.0,2,1,0.0,2,2,1,2,3.0,0,0,0,1,67.0,0,2,1,10.666666666666666
1,0,16.0,1,0,1,2.0,2.0,2,3,0,0,1.0,1.0,0.0,0,1,1,1,0,1,1,0,4.0,4.0,3.0,1.0,4.0,3.0,1.0,9.0,10.0,10.0,884.0,26.0,75.0,1,2,1,9.0,56.0,2,1,1.0,1,2,1,2,5.0,0,1,1,1,66.0,2,0,0,9.666666666666666
1,0,18.0,0,1,0,3.0,2.0,2,2,0,2,2.0,3.0,0.0,0,1,0,0,0,0,0,1,3.0,3.0,2.0,1.0,1.0,2.0,6.0,7.0,9.0,10.0,885.0,24.0,89.0,1,2,0,7.0,83.0,2,0,1.0,1,1,1,1,3.0,0,1,1,1,66.0,0,0,0,8.666666666666666
1,0,19.0,1,0,1,1.0,1.0,0,3,0,1,1.0,3.0,0.0,0,0,0,1,1,0,0,1,5.0,3.0,1.0,1.0,1.0,3.0,6.0,7.0,9.0,9.0,886.0,31.0,73.0,0,2,1,8.0,57.0,2,1,2.0,1,0,1,1,4.0,0,1,0,1,69.0,2,0,0,8.333333333333334
1,1,18.0,0,0,1,1.0,1.0,2,2,1,1,2.0,1.0,0.0,0,0,0,1,1,0,1,0,4.0,4.0,3.0,3.0,4.0,4.0,0.0,8.0,9.0,10.0,887.0,24.0,72.0,2,1,1,9.0,53.0,2,1,0.0,1,0,0,1,4.0,1,1,1,1,62.0,2,0,0,9.0
1,0,18.0,0,0,1,1.0,1.0,0,0,0,1,2.0,1.0,0.0,0,0,0,0,0,0,1,1,3.0,2.0,3.0,1.0,1.0,2.0,4.0,9.0,11.0,10.0,888.0,18.0,82.0,1,2,0,9.0,73.0,1,1,2.0,1,2,1,2,4.0,0,0,2,0,66.0,0,2,0,10.0
1,0,19.0,1,0,1,1.0,1.0,2,2,0,2,2.0,2.0,0.0,0,1,0,0,1,1,1,1,2.5,1.5,4.0,3.5,1.0,1.0,12.0,7.0,8.0,9.0,889.0,24.0,61.0,2,2,0,7.0,80.0,0,1,0.0,1,2,1,2,3.0,0,2,1,1,64.0,0,0,0,8.0
1,0,16.0,0,0,0,2.0,2.0,1,2,0,1,1.0,2.0,0.0,0,0,0,0,0,1,0,1,3.0,3.0,2.0,1.0,1.0,3.0,2.0,8.0,10.0,10.0,890.0,27.0,63.0,0,2,1,6.0,98.0,2,1,1.0,1,0,1,2,2.0,0,1,1,0,67.0,0,0,1,9.333333333333334
1,0,17.0,1,0,1,0.0,1.0,2,0,0,0,2.0,1.0,0.0,0,0,0,1,0,1,0,0,2.5,4.0,4.0,3.0,5.0,5.0,5.0,9.0,9.0,10.0,891.0,25.0,77.0,0,0,0,8.0,85.0,2,1,2.0,2,2,1,2,1.0,0,0,2,1,71.0,0,0,0,9.333333333333334
1,0,16.0,0,1,1,1.0,2.0,0,2,0,1,1.0,2.0,0.0,0,0,0,1,1,0,1,0,4.0,4.0,5.0,1.0,3.0,3.0,0.0,8.0,9.0,9.0,892.0,23.0,98.0,0,2,1,6.0,80.0,2,1,1.0,2,2,1,2,2.0,0,1,1,1,73.0,0,0,1,8.666666666666666
1,0,16.0,1,0,1,3.0,3.0,2,2,3,1,1.0,1.0,0.0,0,0,0,1,1,0,1,1,4.0,5.0,4.0,1.0,1.0,4.0,0.0,14.0,13.0,13.0,893.0,26.0,89.0,2,1,1,10.0,61.0,1,1,0.0,2,0,1,1,3.0,0,1,1,0,68.0,2,0,0,13.333333333333334
1,0,16.0,0,1,1,1.0,1.0,3,3,1,1,1.0,1.0,0.0,0,1,0,1,1,1,1,1,4.0,4.0,4.0,2.0,2.0,4.0,2.0,14.0,14.0,14.0,894.0,27.0,64.0,0,1,1,8.0,58.0,2,1,2.0,0,0,1,1,1.0,0,2,0,1,66.0,2,0,0,14.0
1,1,17.0,1,0,1,3.0,3.0,3,0,0,1,2.0,3.5,0.0,0,1,1,1,1,1,0,0,5.0,4.0,5.0,3.0,4.0,5.0,0.0,10.0,11.0,10.0,895.0,28.0,94.0,2,0,1,7.0,80.0,2,1,3.0,1,0,1,2,4.0,0,2,0,1,75.0,0,0,0,10.333333333333334
1,0,16.0,1,0,1,2.0,1.0,2,3,0,1,1.0,2.0,0.0,0,1,0,1,1,1,1,0,5.0,3.0,3.0,1.0,1.0,1.0,0.0,14.0,13.0,14.0,896.0,24.0,89.0,2,0,1,8.0,61.0,2,1,1.0,1,0,1,2,3.0,0,2,2,0,72.0,2,0,0,13.666666666666666
1,0,16.0,1,0,1,2.0,2.0,3,2,0,1,1.0,1.0,0.0,0,1,1,1,1,1,0,1,4.0,2.0,5.0,1.0,2.0,5.0,0.0,17.0,16.0,16.0,897.0,19.0,84.0,0,1,1,7.0,85.0,2,1,1.0,0,2,0,1,3.0,0,1,2,1,68.0,0,2,0,16.333333333333332
1,1,17.0,1,0,1,1.0,2.0,2,2,0,0,1.0,1.0,0.0,0,1,0,1,1,0,1,1,5.0,3.0,5.0,3.5,5.0,1.0,12.0,6.0,7.0,7.0,898.0,21.0,93.0,2,2,1,6.0,56.0,2,0,1.0,1,2,1,2,3.0,0,1,2,1,68.0,2,0,1,6.666666666666667
1,1,16.0,1,1,1,4.0,3.0,2,2,0,0,1.0,1.0,0.0,0,0,0,1,1,1,1,0,4.0,2.0,5.0,1.0,5.0,5.0,8.0,14.0,12.0,13.0,899.0,27.0,76.0,1,0,1,8.0,67.0,2,1,1.0,2,2,1,2,4.0,0,1,2,1,69.0,2,0,0,13.0
1,1,17.0,0,1,1,2.0,2.0,3,3,2,1,3.0,3.5,0.0,0,1,0,0,1,1,0,0,2.5,3.0,5.0,3.0,5.0,3.0,2.0,10.0,8.0,9.0,900.0,15.0,69.0,2,2,1,7.0,89.0,2,1,1.0,1,0,1,0,2.0,0,0,1,0,63.0,0,2,0,9.0
1,0,16.0,1,0,1,1.0,1.0,2,2,0,2,1.0,3.5,0.0,1,1,0,1,1,1,1,0,2.5,2.0,1.0,1.0,1.0,5.0,0.0,14.0,14.0,14.0,901.0,22.0,80.0,2,0,1,10.0,92.0,2,1,0.0,2,0,1,2,2.0,0,1,2,0,70.0,0,0,0,14.0
1,0,19.0,1,1,1,2.0,2.0,2,2,1,1,1.0,3.0,0.0,0,0,0,0,1,1,1,1,5.0,4.0,5.0,1.0,1.0,1.0,0.0,12.0,13.0,13.0,902.0,18.0,82.0,1,2,1,6.0,67.0,1,1,1.0,0,1,0,2,3.0,0,2,1,1,66.0,2,2,1,12.666666666666666
1,0,17.0,0,0,1,1.0,1.0,0,2,3,1,2.0,1.0,0.0,0,1,0,1,0,1,1,1,4.0,4.0,5.0,1.0,2.0,5.0,0.0,11.0,11.0,11.0,903.0,20.0,82.0,1,1,1,8.0,60.0,2,1,3.0,2,0,1,2,4.0,0,1,1,1,66.0,2,2,0,11.0
1,0,20.0,1,0,1,3.0,3.0,0,3,2,1,2.0,2.0,0.0,0,0,0,1,1,1,1,1,3.0,3.0,4.0,2.0,4.0,3.0,8.0,11.0,9.0,10.0,904.0,28.0,83.0,2,0,0,6.0,98.0,2,1,1.0,1,0,0,1,2.0,0,2,1,1,72.0,0,0,1,10.0
1,0,17.0,1,1,1,1.0,1.0,2,3,0,0,1.0,3.0,0.0,0,1,0,0,1,1,0,1,4.0,3.0,3.0,1.0,1.0,3.0,0.0,11.0,11.0,10.0,905.0,21.0,98.0,1,2,0,6.0,88.0,2,1,1.0,2,1,1,1,3.0,0,2,2,1,71.0,0,0,1,10.666666666666666
1,1,17.0,0,0,1,2.0,2.0,2,2,0,1,3.0,1.0,0.0,0,1,0,0,0,1,1,0,4.0,4.0,5.0,1.0,2.0,5.0,0.0,10.0,9.0,9.0,906.0,20.0,96.0,0,2,0,4.0,90.0,2,1,3.0,1,2,0,1,2.0,0,0,2,1,72.0,0,2,1,9.333333333333334
1,0,16.0,0,1,1,1.0,1.0,0,2,0,0,3.0,2.0,0.0,0,1,0,0,1,1,0,0,5.0,3.0,2.0,1.0,1.0,1.0,0.0,16.0,17.0,18.0,907.0,12.0,95.0,2,2,0,8.0,61.0,0,1,3.5,0,0,0,1,1.0,0,0,2,1,69.0,2,2,0,17.0
1,0,17.0,0,0,1,2.0,2.0,2,2,3,1,2.0,2.0,0.0,0,1,0,1,1,1,0,0,5.0,3.0,2.0,1.0,1.0,1.0,0.0,15.0,17.0,17.0,908.0,24.0,92.0,1,0,1,6.0,71.0,1,1,2.0,1,0,1,2,2.0,0,1,2,1,71.0,0,0,1,16.333333333333332
1,0,17.0,1,0,0,1.0,0.0,2,2,2,1,2.0,2.0,0.0,0,0,0,0,1,1,1,1,4.0,4.0,5.0,1.0,1.0,4.0,1.0,11.0,9.0,10.0,909.0,24.0,98.0,2,1,0,9.0,53.0,2,1,3.0,0,1,0,0,2.0,0,2,0,1,69.0,2,0,0,10.0
1,0,18.0,0,0,1,1.0,1.0,0,2,2,1,1.0,2.0,0.0,0,1,0,0,1,1,1,1,4.0,3.0,2.0,1.0,1.0,5.0,9.0,7.0,7.0,7.0,910.0,33.0,64.0,0,2,0,8.0,55.0,2,1,1.0,2,0,1,1,3.0,0,0,1,0,68.0,2,0,0,7.0
1,0,16.0,1,0,1,3.0,1.0,2,2,0,1,1.0,1.0,0.0,0,0,0,1,1,1,1,0,3.0,1.5,3.0,1.0,3.0,1.0,0.0,8.0,6.0,8.0,911.0,18.0,71.0,1,1,1,7.0,61.0,1,1,2.0,1,2,1,0,4.0,0,0,2,1,61.0,2,2,0,7.333333333333333
1,0,16.0,1,0,1,3.0,2.0,3,0,0,1,1.0,1.0,0.0,0,0,0,0,1,1,1,0,3.0,1.5,3.0,1.0,4.0,3.0,2.0,7.0,6.0,7.0,912.0,21.0,80.0,2,0,0,5.0,65.0,0,1,2.0,2,1,0,1,1.0,0,2,1,1,68.0,2,0,1,6.666666666666667
1,0,18.0,1,1,1,1.0,1.0,2,0,3,1,2.0,2.0,0.0,1,0,0,0,1,1,0,0,2.5,3.0,5.0,1.0,4.0,3.0,8.0,9.0,8.0,10.0,913.0,21.0,94.0,0,2,1,8.0,100.0,1,1,0.0,1,2,1,1,3.0,0,2,2,1,72.0,0,0,0,9.0
1,0,16.0,0,0,1,4.0,4.0,1,4,3,0,1.0,2.0,0.0,0,0,0,1,0,1,1,1,4.0,3.0,3.0,2.0,3.0,2.0,0.0,14.0,16.0,16.0,914.0,29.0,80.0,2,2,1,6.0,71.0,2,1,0.0,2,2,1,2,3.0,0,0,1,0,70.0,0,0,1,15.333333333333334
1,0,16.0,0,1,1,1.0,2.0,2,2,3,1,2.0,1.0,0.0,0,0,0,1,1,1,1,0,5.0,4.0,5.0,1.0,4.0,2.0,0.0,14.0,14.0,15.0,915.0,19.0,90.0,0,2,1,5.0,85.0,0,1,0.0,2,0,0,2,5.0,0,2,2,0,73.0,0,2,1,14.333333333333334
1,0,18.0,1,0,0,2.0,4.0,2,3,3,0,1.0,2.0,0.0,0,1,0,0,1,1,1,0,2.5,3.0,2.0,1.0,3.0,1.0,8.0,8.0,5.0,8.0,916.0,22.0,66.0,2,0,0,8.0,95.0,1,1,3.0,2,2,0,2,3.0,0,1,1,0,67.0,0,0,0,7.0
1,1,16.0,0,0,1,2.0,1.0,2,3,3,1,2.0,2.0,0.0,0,0,0,1,1,1,1,0,5.0,2.0,1.0,1.0,1.0,2.0,0.0,8.0,7.0,4.0,917.0,24.0,70.0,2,0,0,5.0,62.0,2,1,2.0,1,2,0,0,4.0,1,0,2,1,65.0,2,0,1,6.333333333333333
1,0,16.0,1,1,1,1.0,1.0,0,2,2,1,3.0,2.0,0.0,0,1,0,0,1,1,1,0,4.0,3.0,2.0,1.0,3.0,5.0,6.0,6.0,8.0,8.0,918.0,21.0,89.0,2,2,0,4.0,57.0,2,1,1.0,0,2,0,2,2.0,0,1,2,0,68.0,2,0,1,7.333333333333333
1,0,16.0,0,0,1,2.0,3.0,0,3,2,1,2.0,2.0,0.0,0,1,0,1,1,1,1,0,3.0,3.0,3.0,1.0,1.0,2.0,0.0,8.0,10.0,10.0,919.0,17.0,67.0,1,0,1,9.0,62.0,0,1,3.0,2,2,1,2,3.0,0,1,2,1,65.0,2,2,0,9.333333333333334
1,0,16.0,1,0,1,4.0,4.0,1,1,0,1,1.0,2.0,0.0,0,1,0,0,1,1,1,1,4.0,3.0,4.0,1.0,2.0,3.0,4.0,8.0,8.0,8.0,920.0,21.0,74.0,0,2,0,6.0,94.0,2,1,1.0,1,0,1,2,1.0,0,1,2,1,75.0,0,0,1,8.0
1,1,18.0,1,1,1,4.0,4.0,0,1,1,1,1.0,3.5,0.0,0,1,0,1,1,0,1,1,5.0,5.0,5.0,3.5,5.0,5.0,2.0,5.0,6.0,6.0,921.0,26.0,71.0,0,1,1,4.0,83.0,1,1,1.0,2,2,1,0,3.0,0,0,1,1,66.0,0,0,1,5.666666666666667
1,0,16.0,0,1,1,3.0,4.0,0,2,2,1,3.0,2.0,0.0,0,1,0,0,0,1,0,0,4.0,2.0,1.0,1.0,1.0,2.0,2.0,7.0,9.0,8.0,922.0,14.0,74.0,0,0,1,6.0,73.0,0,1,2.0,2,2,0,1,3.0,0,1,2,0,67.0,0,2,1,8.0
1,1,17.0,1,1,1,4.0,4.0,2,3,1,1,1.0,3.0,0.0,0,1,0,0,1,1,1,0,4.0,4.0,3.0,1.0,2.0,5.0,0.0,15.0,14.0,16.0,923.0,21.0,88.0,0,2,0,6.0,91.0,2,1,2.0,0,2,1,1,1.0,0,1,1,0,70.0,0,0,1,15.0
1,0,17.0,0,0,1,4.0,1.0,2,2,2,1,1.0,1.0,0.0,0,0,0,0,1,1,1,1,4.0,2.0,3.0,1.0,2.0,5.0,1.0,13.0,14.0,14.0,924.0,16.0,75.0,0,2,1,9.0,62.0,2,1,3.0,1,2,1,2,4.0,0,1,1,0,66.0,2,2,0,13.666666666666666
1,1,16.0,1,1,1,2.0,2.0,3,3,2,1,3.5,3.0,0.0,0,0,0,0,1,1,0,0,5.0,1.5,3.0,2.0,2.0,3.0,0.0,10.0,9.0,10.0,925.0,27.0,82.0,2,0,1,5.0,62.0,1,1,1.0,1,0,0,1,4.0,0,1,1,0,69.0,2,0,1,9.666666666666666
1,0,17.0,0,0,1,2.0,2.0,0,2,2,1,1.0,1.0,0.0,0,1,1,0,1,1,1,0,5.0,1.5,3.0,1.0,2.0,5.0,5.0,9.0,9.0,9.0,926.0,11.0,64.0,0,2,1,5.0,78.0,1,1,2.0,1,0,0,1,4.0,0,0,1,1,62.0,0,2,1,9.0
1,0,16.0,1,1,1,4.0,4.0,3,3,2,0,2.0,1.0,0.0,0,1,0,0,1,1,0,0,5.0,1.5,3.0,1.0,2.0,5.0,1.0,11.0,11.0,11.0,927.0,17.0,92.0,2,1,1,8.0,90.0,0,1,1.0,0,1,1,0,3.0,0,1,2,1,68.0,0,2,0,11.0
1,1,17.0,1,0,1,3.0,3.0,3,3,1,1,1.0,1.0,0.0,0,1,0,1,1,1,1,0,4.0,1.5,4.0,3.5,5.0,3.0,8.0,7.0,10.0,9.0,928.0,22.0,75.0,2,0,1,6.0,63.0,1,1,1.0,1,2,1,2,2.0,0,0,2,1,67.0,2,0,1,8.666666666666666
1,1,17.0,1,0,1,1.0,1.0,0,3,2,1,3.0,2.0,0.0,0,0,0,0,1,1,1,1,5.0,1.5,3.0,3.0,3.0,1.0,0.0,10.0,10.0,10.0,929.0,29.0,86.0,2,2,1,7.0,61.0,2,1,0.0,2,2,1,0,4.0,0,1,0,0,68.0,2,0,0,10.0
1,1,16.0,1,0,1,2.0,1.0,1,3,2,1,2.0,2.0,0.0,0,0,0,0,0,1,1,1,4.0,2.0,2.0,1.0,4.0,5.0,2.0,9.0,7.0,8.0,930.0,20.0,89.0,0,2,1,6.0,74.0,2,1,1.0,1,0,0,1,2.0,0,1,1,1,69.0,0,2,1,8.0
1,0,16.0,1,1,1,2.0,1.0,2,3,2,1,1.0,2.0,0.0,0,0,0,0,1,1,1,1,3.0,2.0,2.0,1.0,1.0,3.0,0.0,14.0,15.0,16.0,931.0,17.0,68.0,2,2,1,10.0,57.0,2,1,1.0,0,2,0,2,1.0,1,1,1,0,62.0,2,2,0,15.0
1,1,16.0,1,1,1,4.0,4.0,4,1,2,0,1.0,1.0,0.0,0,1,0,0,1,1,1,0,4.0,1.5,2.0,2.0,5.0,5.0,0.0,11.0,12.0,12.0,932.0,31.0,95.0,0,2,1,5.0,87.0,2,1,2.0,1,2,1,1,3.0,0,2,1,1,75.0,0,0,1,11.666666666666666
1,1,15.0,0,0,1,1.0,2.0,2,3,0,1,3.0,2.0,0.0,0,1,0,1,1,1,0,0,5.0,5.0,5.0,1.0,3.0,5.0,11.0,9.0,11.0,10.0,933.0,11.0,85.0,2,2,0,7.0,79.0,1,1,2.0,0,1,1,2,3.0,0,1,2,1,65.0,0,2,0,10.0
1,1,15.0,1,1,0,2.0,2.0,2,2,3,1,3.0,3.5,0.0,0,1,0,1,1,1,0,0,5.0,4.0,5.0,2.0,3.0,5.0,8.0,13.0,14.0,14.0,934.0,7.0,77.0,0,2,0,9.0,76.0,2,1,2.0,2,0,1,0,3.0,0,0,1,1,63.0,0,1,0,13.666666666666666
1,1,15.0,1,1,0,2.0,1.0,3,3,0,1,1.0,1.0,0.0,0,0,0,1,1,1,1,0,4.0,3.0,3.0,1.0,2.0,5.0,11.0,12.0,13.0,12.0,935.0,23.0,67.0,0,2,0,6.0,94.0,1,1,1.0,2,2,1,2,2.0,0,0,0,1,66.0,0,0,1,12.333333333333334
1,0,16.0,0,1,1,2.0,2.0,2,2,0,1,1.0,3.0,0.0,0,1,0,0,0,1,0,1,4.0,3.0,3.0,2.0,2.0,5.0,2.0,11.0,11.0,11.0,936.0,17.0,98.0,1,0,0,6.0,87.0,0,0,3.0,2,2,0,2,5.0,0,0,2,0,71.0,0,2,1,11.0
1,0,16.0,1,1,1,4.0,1.0,2,2,1,1,2.0,2.0,0.0,0,1,0,1,1,1,1,0,2.5,2.0,4.0,2.0,2.0,1.0,8.0,9.0,10.0,10.0,937.0,14.0,90.0,0,2,1,8.0,57.0,2,1,0.0,2,2,1,2,3.0,1,0,1,1,66.0,2,2,0,9.666666666666666
1,0,17.0,1,0,1,3.0,2.0,0,2,1,1,2.0,1.0,0.0,0,0,0,0,1,1,0,1,4.0,3.0,3.0,2.0,2.0,1.0,5.0,9.0,11.0,11.0,938.0,24.0,68.0,2,2,0,9.0,71.0,2,1,2.0,2,2,1,1,4.0,0,0,2,1,66.0,0,0,0,10.333333333333334
1,0,17.0,0,0,1,2.0,2.0,2,2,2,1,2.0,2.0,0.0,1,0,1,0,1,1,0,0,5.0,1.5,3.0,1.0,1.0,5.0,0.0,11.0,9.0,11.0,939.0,21.0,74.0,2,0,0,6.0,66.0,1,1,1.0,2,0,0,0,4.0,0,1,2,1,66.0,2,0,1,10.333333333333334
1,0,16.0,1,0,1,4.0,4.0,4,3,0,1,2.0,3.0,0.0,0,1,0,0,1,1,1,1,5.0,3.0,5.0,1.0,4.0,5.0,1.0,10.0,11.0,12.0,940.0,17.0,92.0,0,0,1,9.0,90.0,2,1,1.0,0,1,1,2,3.0,0,1,1,1,71.0,0,2,0,11.0
1,1,17.0,0,0,1,4.0,4.0,1,2,0,0,3.0,1.0,0.0,0,0,0,1,1,1,1,1,3.0,3.0,3.0,1.0,3.0,5.0,2.0,9.0,9.0,8.0,941.0,12.0,88.0,2,2,1,7.0,86.0,0,1,3.0,2,0,1,2,3.0,1,1,1,1,68.0,0,2,0,8.666666666666666
1,1,17.0,0,1,1,1.0,3.0,2,2,0,0,2.0,1.0,0.0,0,0,0,1,1,1,0,1,5.0,1.5,2.0,3.0,3.0,5.0,2.0,12.0,11.0,12.0,942.0,25.0,91.0,2,2,0,8.0,74.0,0,1,1.0,2,0,0,2,3.0,0,0,1,1,71.0,0,0,0,11.666666666666666
1,1,17.0,1,0,1,3.0,4.0,3,2,2,1,1.0,2.0,0.0,0,1,0,1,0,1,1,1,5.0,4.0,4.0,3.0,4.0,5.0,8.0,8.0,9.0,8.0,943.0,24.0,78.0,2,2,1,9.0,91.0,1,1,0.0,0,0,1,0,3.0,0,2,0,0,68.0,0,0,0,8.333333333333334
1,0,17.0,1,0,1,4.0,4.0,1,1,0,0,1.0,2.0,0.0,0,1,0,0,1,1,1,0,5.0,2.0,5.0,1.0,1.0,5.0,0.0,13.0,15.0,16.0,944.0,19.0,89.0,1,2,0,8.0,71.0,2,1,2.0,1,0,1,2,4.0,0,1,2,1,68.0,0,2,0,14.666666666666666
1,1,16.0,0,1,1,4.0,1.0,2,0,2,0,1.0,1.0,0.0,0,0,0,0,1,1,1,0,4.0,1.5,2.0,2.0,1.0,2.0,0.0,10.0,11.0,11.0,945.0,31.0,75.0,2,2,0,7.0,90.0,1,1,2.0,2,0,1,1,2.0,1,1,1,1,68.0,0,0,0,10.666666666666666
1,0,17.0,1,0,0,1.0,1.0,0,0,2,1,1.0,2.0,0.0,0,0,0,1,1,1,1,1,4.0,5.0,5.0,1.0,2.0,3.0,2.0,11.0,10.0,11.0,946.0,14.0,68.0,2,2,1,6.0,52.0,2,1,2.0,1,2,1,2,2.0,0,0,2,1,62.0,2,2,1,10.666666666666666
1,0,17.0,0,0,1,4.0,2.0,2,2,0,1,2.0,2.0,0.0,1,1,0,0,0,1,1,0,4.0,3.0,3.0,2.0,3.0,5.0,0.0,17.0,18.0,18.0,947.0,11.0,85.0,0,1,1,10.0,57.0,0,1,0.0,2,0,1,1,5.0,0,1,2,1,65.0,2,2,0,17.666666666666668
1,1,16.0,1,1,0,2.0,2.0,2,3,0,0,2.0,2.0,0.0,0,1,0,0,0,1,1,1,4.0,1.5,2.0,2.0,2.0,5.0,0.0,12.0,13.0,13.0,948.0,16.0,99.0,1,0,0,6.0,88.0,0,1,2.0,1,1,1,1,3.0,0,2,2,1,71.0,0,2,1,12.666666666666666
1,1,17.0,1,0,1,3.0,2.0,2,2,2,0,2.0,2.0,0.0,0,1,1,0,1,1,1,0,4.0,1.5,2.0,2.0,2.0,1.0,0.0,13.0,14.0,13.0,949.0,20.0,72.0,2,0,1,7.0,56.0,1,1,0.0,1,2,1,0,6.0,1,0,1,1,63.0,2,2,0,13.333333333333334
1,1,19.0,1,0,1,1.0,1.0,2,2,2,1,1.0,2.0,0.0,0,1,0,1,1,0,1,0,4.0,4.0,3.0,3.0,4.0,4.0,2.0,9.0,9.0,10.0,950.0,21.0,78.0,0,2,0,8.0,84.0,1,1,1.0,0,1,1,2,4.0,0,1,2,1,68.0,0,0,0,9.333333333333334
1,1,17.0,1,1,0,1.0,0.0,2,2,1,1,1.0,1.0,0.0,0,0,0,0,1,1,0,1,4.0,1.5,2.0,1.0,1.0,5.0,4.0,11.0,11.0,12.0,951.0,19.0,87.0,0,1,1,8.0,86.0,1,1,1.0,2,0,1,2,4.0,0,1,1,0,69.0,0,2,0,11.333333333333334
1,0,17.0,0,0,1,1.0,1.0,0,0,0,0,2.0,1.0,0.0,0,1,0,1,1,0,1,1,3.0,5.0,5.0,2.0,2.0,4.0,3.0,10.0,11.0,10.0,952.0,22.0,82.0,0,0,0,10.0,83.0,2,1,1.0,1,0,0,1,2.0,1,0,1,1,69.0,0,0,0,10.333333333333334
1,0,16.0,0,0,1,1.0,2.0,2,2,1,0,1.0,3.0,0.0,1,1,0,0,0,1,1,1,4.0,3.0,4.0,1.0,1.0,3.0,5.0,13.0,14.0,13.0,953.0,12.0,94.0,2,0,1,7.0,91.0,1,1,3.0,2,2,0,2,3.0,0,2,2,0,71.0,0,2,0,13.333333333333334
1,1,16.0,0,1,1,1.0,2.0,2,0,0,1,1.0,1.0,0.0,0,0,0,0,1,1,0,0,4.0,4.0,4.0,2.0,4.0,5.0,4.0,9.0,10.0,11.0,954.0,29.0,90.0,2,0,0,7.0,76.0,2,1,0.0,1,2,1,1,1.0,0,2,1,0,71.0,0,0,0,10.0
1,0,17.0,0,0,1,3.0,1.0,2,2,0,1,2.0,2.0,0.0,0,1,0,1,0,1,1,1,5.0,4.0,4.0,1.0,1.0,5.0,2.0,7.0,9.0,10.0,955.0,20.0,62.0,2,2,1,9.0,95.0,1,1,0.0,2,2,0,1,3.0,1,1,2,1,62.0,0,2,0,8.666666666666666
1,1,17.0,0,0,1,2.0,2.0,2,2,0,1,2.0,1.0,0.0,0,0,0,1,1,0,0,1,5.0,5.0,5.0,3.0,5.0,5.0,0.0,8.0,13.0,10.0,956.0,27.0,100.0,1,1,1,7.0,78.0,1,1,2.0,2,2,1,0,2.0,0,1,2,1,70.0,0,0,0,10.333333333333334
1,1,18.0,0,0,1,1.0,0.0,0,0,0,2,3.0,1.0,0.0,1,1,0,0,1,1,0,0,4.0,3.0,2.0,1.0,1.0,4.0,0.0,12.0,12.0,13.0,957.0,22.0,90.0,0,0,0,8.0,75.0,0,1,1.0,1,1,0,1,3.0,0,0,1,1,70.0,0,0,0,12.333333333333334
1,1,17.0,0,0,1,1.0,1.0,2,3,0,1,2.0,1.0,0.0,0,1,0,1,0,1,1,1,4.0,5.0,5.0,1.0,3.0,2.0,0.0,10.0,9.0,10.0,958.0,23.0,95.0,2,2,1,7.0,75.0,2,1,2.0,0,2,1,2,2.0,0,0,2,1,73.0,0,0,0,9.666666666666666
1,1,18.0,1,1,1,1.0,1.0,0,0,0,1,2.0,2.0,0.0,0,1,0,1,1,1,0,0,4.0,3.0,3.0,1.0,4.0,5.0,6.0,10.0,9.0,10.0,959.0,23.0,86.0,2,0,1,8.0,96.0,1,1,3.0,2,2,0,2,2.0,0,1,1,0,71.0,0,0,0,9.666666666666666
1,0,16.0,0,1,1,2.0,2.0,2,3,0,0,1.0,2.0,0.0,0,0,0,1,1,1,0,1,5.0,4.0,3.0,1.0,1.0,1.0,0.0,11.0,13.0,12.0,960.0,23.0,94.0,2,1,1,8.0,62.0,2,1,2.0,1,2,1,2,0.0,0,2,1,0,69.0,2,0,0,12.0
1,1,17.0,1,0,1,2.0,2.0,2,2,0,1,1.0,1.0,0.0,0,0,0,1,1,1,0,1,2.5,2.0,1.0,2.0,3.0,5.0,0.0,7.0,3.0,4.0,961.0,24.0,64.0,2,0,1,6.0,85.0,0,1,0.0,0,1,0,1,3.0,1,2,2,1,66.0,0,0,1,4.666666666666667
1,1,16.0,0,0,1,3.0,2.0,3,2,0,0,2.0,1.0,0.0,0,0,0,0,1,1,1,0,4.0,5.0,5.0,2.0,3.0,5.0,2.0,11.0,9.0,10.0,962.0,28.0,74.0,2,1,1,4.0,62.0,2,1,1.0,1,2,0,1,3.0,0,1,1,1,65.0,2,0,1,10.0
1,1,16.0,0,1,1,1.0,1.0,0,2,0,1,2.0,1.0,0.0,0,0,0,1,1,1,1,0,4.0,5.0,5.0,2.0,4.0,5.0,0.0,10.0,10.0,9.0,963.0,21.0,95.0,0,2,0,4.0,55.0,2,1,2.0,2,0,0,1,1.0,0,0,2,1,71.0,2,0,1,9.666666666666666
1,1,18.0,0,0,1,1.0,1.0,3,2,0,2,2.0,1.0,0.0,0,1,0,0,1,0,1,1,5.0,3.0,3.0,2.0,3.0,5.0,2.0,9.0,7.0,9.0,964.0,24.0,68.0,2,2,1,4.0,98.0,0,1,2.0,2,0,1,0,2.0,0,1,2,1,68.0,0,0,1,8.333333333333334
1,1,18.0,0,0,1,3.0,2.0,3,2,0,1,1.0,1.0,0.0,0,0,0,0,1,0,1,0,2.5,3.0,1.0,2.0,2.0,5.0,0.0,4.0,3.0,4.0,965.0,19.0,63.0,2,0,1,7.0,56.0,2,1,2.0,1,2,0,2,3.0,0,1,2,0,64.0,2,2,0,3.6666666666666665
1,1,19.0,1,0,1,3.0,2.0,0,3,0,1,2.0,1.0,0.0,0,0,0,1,1,1,0,0,3.0,2.0,1.0,1.0,1.0,3.0,4.0,6.0,11.0,9.0,966.0,29.0,92.0,1,1,1,4.0,84.0,2,1,2.0,1,2,1,0,3.0,0,2,2,1,71.0,0,0,1,8.666666666666666
1,1,18.0,1,0,1,3.0,3.0,0,0,0,1,1.0,2.0,0.0,0,1,0,1,1,0,1,0,4.0,4.0,5.0,1.0,3.0,3.0,9.0,4.0,8.0,8.0,967.0,16.0,93.0,1,2,0,7.0,71.0,2,1,0.0,2,0,1,2,2.0,0,1,2,1,67.0,0,2,0,6.666666666666667
1,1,16.0,0,0,1,2.0,2.0,3,3,0,1,2.0,1.0,0.0,0,1,0,1,1,1,1,1,5.0,4.0,3.0,2.0,4.0,4.0,6.0,7.0,8.0,8.0,968.0,31.0,67.0,2,1,0,7.0,92.0,0,1,2.0,2,2,1,0,3.0,0,1,0,0,66.0,0,0,0,7.666666666666667
1,1,19.0,1,0,1,2.0,1.0,0,2,0,2,2.0,1.0,0.0,0,0,0,1,0,0,1,1,4.0,4.0,3.0,1.0,3.0,5.0,4.0,8.0,9.0,9.0,969.0,20.0,94.0,1,0,1,8.0,89.0,2,1,1.0,1,2,1,2,4.0,0,1,2,1,71.0,0,2,0,8.666666666666666
1,0,16.0,1,0,0,3.0,2.0,3,0,0,1,2.0,2.0,0.0,0,1,0,1,1,1,0,1,2.5,5.0,5.0,1.0,1.0,1.0,8.0,5.0,5.0,7.0,970.0,11.0,87.0,1,2,0,8.0,57.0,0,1,0.0,1,2,1,0,2.0,0,1,1,1,62.0,2,2,0,5.666666666666667
1,0,17.0,1,0,1,1.0,1.0,2,0,0,1,1.0,1.0,0.0,0,1,0,1,1,1,0,0,4.0,3.0,2.0,1.0,2.0,5.0,9.0,7.0,9.0,10.0,971.0,21.0,81.0,0,2,0,8.0,73.0,2,1,3.0,1,2,1,2,2.0,1,1,2,1,67.0,0,0,0,8.666666666666666
1,1,20.0,0,0,1,1.0,1.0,2,2,0,2,2.0,1.0,0.0,0,1,0,0,1,0,1,1,4.0,4.0,3.0,2.0,4.0,4.0,12.0,8.0,11.0,10.0,972.0,16.0,93.0,2,1,1,8.0,51.0,2,1,3.0,1,2,1,1,2.0,0,0,2,1,67.0,2,2,0,9.666666666666666
1,0,18.0,0,0,0,4.0,3.0,3,3,0,1,1.0,1.0,0.0,0,1,0,0,1,1,1,0,5.0,4.0,4.0,3.0,4.0,2.0,8.0,10.0,11.0,10.0,973.0,25.0,77.0,1,2,1,7.0,71.0,2,1,0.0,2,2,1,0,3.0,0,1,2,0,66.0,0,0,0,10.333333333333334
1,1,18.0,0,0,1,3.0,2.0,2,2,0,1,2.0,1.0,0.0,0,1,0,0,0,1,1,0,2.5,5.0,5.0,3.5,5.0,5.0,8.0,9.0,10.0,11.0,974.0,16.0,68.0,1,2,1,7.0,85.0,0,1,1.0,1,0,0,2,3.0,0,2,1,0,64.0,0,2,0,10.0
1,1,19.0,0,0,1,1.0,1.0,2,3,1,2,3.0,2.0,0.0,0,0,0,0,1,1,1,0,5.0,4.0,4.0,3.0,3.0,2.0,8.0,10.0,9.0,11.0,975.0,17.0,71.0,1,2,1,6.0,62.0,2,1,2.0,1,2,1,1,3.0,1,0,2,1,62.0,2,2,1,10.0
1,1,17.0,1,0,1,3.0,3.0,1,2,0,1,2.0,2.0,0.0,0,1,0,0,1,1,1,0,4.0,5.0,4.0,2.0,3.0,3.0,4.0,8.0,9.0,10.0,976.0,9.0,80.0,2,0,0,7.0,91.0,1,1,1.0,2,2,1,1,3.0,0,0,2,0,65.0,0,1,0,9.0
1,1,18.0,1,1,1,1.0,3.0,0,3,0,1,1.0,1.0,0.0,0,0,0,0,1,0,1,1,4.0,3.0,3.0,2.0,3.0,3.0,0.0,9.0,10.0,9.0,977.0,17.0,81.0,2,1,1,5.0,53.0,1,1,0.0,2,2,1,1,1.0,0,0,2,1,63.0,2,2,1,9.333333333333334
1,1,19.0,0,0,1,1.0,1.0,2,2,1,2,3.0,1.0,0.0,0,1,0,0,1,1,1,0,4.0,4.0,4.0,3.0,3.0,5.0,4.0,8.0,9.0,10.0,978.0,5.0,92.0,2,2,1,9.0,52.0,2,1,2.0,0,2,0,1,4.0,1,0,1,0,64.0,2,1,0,9.0
1,0,18.0,1,0,0,1.0,2.0,0,2,0,1,2.0,2.0,0.0,0,1,0,0,1,1,0,0,4.0,3.0,3.0,1.0,1.0,5.0,2.0,6.0,8.0,8.0,979.0,10.0,92.0,1,0,1,6.0,51.0,1,1,1.0,2,2,0,1,3.0,0,1,2,0,65.0,2,1,1,7.333333333333333
1,0,19.0,1,1,0,1.0,1.0,0,2,0,1,1.0,1.0,0.0,0,1,0,0,1,0,0,0,2.5,4.0,4.0,1.0,1.0,5.0,0.0,6.0,8.0,7.0,980.0,25.0,83.0,2,0,0,7.0,64.0,2,1,0.0,1,2,1,1,2.0,0,0,1,1,68.0,2,0,0,7.0
1,0,18.0,0,0,1,2.0,2.0,2,2,2,1,2.0,1.0,0.0,0,0,0,0,1,0,1,1,5.0,5.0,5.0,1.0,1.0,3.0,0.0,8.0,6.0,4.0,981.0,25.0,91.0,2,0,1,7.0,73.0,2,1,2.0,1,2,1,2,3.0,0,1,2,0,72.0,0,0,0,6.0
1,0,17.0,0,0,1,0.0,0.0,0,2,0,1,2.0,1.0,0.0,0,1,0,0,1,1,1,0,4.0,4.0,3.0,1.0,1.0,5.0,0.0,10.0,11.0,11.0,982.0,23.0,68.0,2,2,1,9.0,55.0,2,1,0.0,1,2,1,2,3.0,0,0,1,1,64.0,2,0,0,10.666666666666666
1,0,17.0,0,1,0,3.0,1.0,2,0,0,2,2.0,3.0,0.0,0,1,1,0,1,0,0,0,4.0,2.0,3.0,2.0,2.0,3.0,5.0,8.0,7.0,8.0,983.0,14.0,62.0,0,2,0,4.0,100.0,1,1,1.0,1,2,1,1,3.0,0,1,2,1,62.0,0,2,1,7.666666666666667
1,0,17.0,1,0,1,4.0,2.0,4,3,1,1,1.0,2.0,0.0,1,1,0,1,1,1,1,0,5.0,5.0,5.0,1.0,3.0,5.0,0.0,8.0,8.0,4.0,984.0,20.0,95.0,2,1,1,7.0,100.0,1,0,3.0,1,2,0,1,2.0,0,1,2,0,69.0,0,2,0,6.666666666666667
1,0,18.0,0,1,1,2.0,2.0,3,3,0,1,1.0,2.0,0.0,0,1,0,1,1,1,1,0,2.5,3.0,3.0,1.0,2.0,4.0,3.0,7.0,6.0,8.0,985.0,20.0,63.0,1,1,1,8.0,76.0,2,1,3.0,2,2,1,1,4.0,0,2,2,0,64.0,0,2,0,7.0
1,0,17.0,1,0,1,4.0,1.0,1,0,0,1,1.0,1.0,0.0,0,1,0,0,1,1,0,1,3.0,2.0,2.0,1.0,1.0,5.0,0.0,8.0,10.0,9.0,986.0,13.0,70.0,0,2,0,10.0,78.0,2,1,1.0,1,2,1,0,2.0,0,1,0,0,61.0,0,2,0,9.0
1,0,17.0,1,1,1,1.0,2.0,0,2,0,0,1.0,1.0,0.0,0,0,0,0,1,1,1,0,5.0,5.0,1.0,1.0,1.0,3.0,0.0,7.0,10.0,10.0,987.0,29.0,88.0,2,0,0,7.0,96.0,1,1,2.0,1,1,1,2,2.0,0,1,2,0,72.0,0,0,0,9.0
1,0,18.0,1,0,1,1.0,1.0,2,2,0,1,3.0,2.0,0.0,0,0,0,1,1,1,0,1,3.0,4.0,4.0,2.0,2.0,5.0,3.0,7.0,8.0,7.0,988.0,25.0,76.0,2,1,1,6.0,88.0,1,1,1.0,2,2,0,0,3.0,0,0,0,1,66.0,0,0,1,7.333333333333333
1,0,18.0,1,0,1,2.0,2.0,3,0,3,0,2.0,2.0,0.0,0,0,0,1,0,1,1,0,4.0,3.0,5.0,1.0,1.0,1.0,2.0,12.0,13.0,14.0,989.0,19.0,95.0,0,1,0,10.0,58.0,1,1,2.0,0,2,1,2,3.0,0,1,2,1,69.0,2,2,0,13.0
1,0,17.0,1,0,1,3.0,3.0,3,3,0,1,2.0,1.0,0.0,0,1,0,0,1,1,1,0,4.0,4.0,3.0,1.0,1.0,4.0,0.0,11.0,12.0,13.0,990.0,20.0,72.0,2,2,0,8.0,90.0,0,0,2.0,1,1,0,1,2.0,0,0,2,0,65.0,0,2,0,12.0
1,0,18.0,1,1,0,1.0,2.0,0,2,3,1,2.0,2.0,0.0,0,0,0,0,1,1,1,0,4.0,4.0,3.0,1.0,2.0,4.0,0.0,12.0,13.0,14.0,991.0,21.0,60.0,0,2,1,9.0,62.0,2,1,2.0,1,2,1,2,3.0,0,1,2,1,64.0,2,0,0,13.0
1,0,18.0,1,0,1,4.0,4.0,4,4,3,1,2.0,2.0,0.0,0,0,0,1,0,1,1,0,4.0,3.0,5.0,1.0,2.0,1.0,0.0,18.0,18.0,18.0,992.0,8.0,72.0,1,2,1,5.0,72.0,2,1,3.0,0,1,0,2,4.0,0,1,2,0,62.0,0,1,1,18.0
1,1,18.0,1,1,1,4.0,4.0,3,2,3,1,1.0,1.0,0.0,0,1,0,1,1,1,1,0,5.0,4.0,5.0,1.0,1.0,5.0,3.0,17.0,17.0,17.0,993.0,19.0,83.0,2,2,0,8.0,77.0,0,1,1.0,1,2,1,2,4.0,0,1,0,1,66.0,0,2,0,17.0
1,0,17.0,1,0,1,4.0,2.0,2,2,0,1,2.0,2.0,0.0,0,1,0,0,1,1,1,0,4.0,3.0,3.0,1.0,2.0,4.0,0.0,17.0,18.0,18.0,994.0,16.0,75.0,1,1,1,5.0,86.0,2,1,0.0,1,2,1,2,1.0,0,0,1,0,62.0,0,2,1,17.666666666666668
1,0,18.0,0,0,1,2.0,2.0,0,2,0,1,3.0,2.0,0.0,0,0,0,1,1,1,0,1,4.0,3.0,3.0,1.0,1.0,4.0,0.0,9.0,3.0,4.0,995.0,14.0,81.0,2,2,1,5.0,58.0,0,1,3.0,1,0,1,0,4.0,0,2,1,1,66.0,2,2,1,5.333333333333333
1,1,18.0,1,1,1,1.0,2.0,0,3,1,1,2.0,1.0,0.0,0,1,0,0,0,1,0,0,4.0,1.5,4.0,3.5,5.0,1.0,8.0,10.0,11.0,11.0,996.0,18.0,95.0,2,0,0,8.0,54.0,2,1,2.0,0,2,1,1,3.0,0,0,1,0,70.0,2,2,0,10.666666666666666
1,1,18.0,0,0,1,4.0,4.0,0,3,2,1,3.0,1.0,0.0,0,1,1,1,1,1,1,1,2.5,5.0,5.0,1.0,1.0,1.0,5.0,12.0,13.0,14.0,997.0,31.0,96.0,2,2,1,8.0,93.0,1,1,3.0,1,2,1,2,3.0,0,1,2,1,75.0,0,0,0,13.0
1,1,17.0,0,0,1,1.0,1.0,2,3,2,0,3.0,1.0,0.0,0,0,0,0,0,0,0,0,4.0,2.0,3.0,3.0,4.0,4.0,4.0,12.0,13.0,14.0,998.0,24.0,71.0,1,0,1,6.0,91.0,2,1,3.0,0,2,1,1,2.0,0,1,0,0,67.0,0,0,1,13.0
1,0,18.0,1,0,1,2.0,2.0,2,2,0,1,2.0,2.0,0.0,0,1,0,0,0,1,1,1,2.5,3.0,1.0,1.0,1.0,2.0,4.0,8.0,8.0,10.0,999.0,17.0,78.0,1,2,1,9.0,76.0,1,1,3.5,2,2,1,2,2.0,0,0,2,1,66.0,0,2,0,8.666666666666666
1,0,18.0,1,1,1,2.0,2.0,3,3,0,0,2.0,3.0,0.0,0,0,0,0,1,1,1,1,5.0,4.0,5.0,1.0,4.0,3.0,0.0,11.0,12.0,13.0,1000.0,23.0,82.0,2,0,0,6.0,83.0,2,1,2.0,2,2,0,2,3.0,0,2,1,1,71.0,0,0,1,12.0
1,0,18.0,0,1,0,4.0,2.0,4,2,3,1,1.0,2.0,0.0,0,0,0,1,1,1,1,1,5.0,3.0,1.0,1.0,1.0,5.0,0.0,5.0,3.0,4.0,1001.0,28.0,98.0,0,2,1,7.0,86.0,2,1,2.0,2,0,0,1,2.0,0,1,2,0,75.0,0,0,0,4.0
1,0,18.0,1,0,1,1.0,1.0,0,3,0,1,3.0,2.0,0.0,0,0,0,0,1,0,0,0,4.0,4.0,2.0,1.0,2.0,2.0,2.0,9.0,10.0,10.0,1002.0,26.0,100.0,0,0,0,7.0,74.0,1,1,1.0,2,2,1,1,2.0,0,1,0,0,72.0,0,0,0,9.666666666666666
1,0,19.0,1,0,1,1.0,1.0,0,3,2,0,2.0,1.0,0.0,0,0,0,0,1,0,0,0,5.0,5.0,5.0,2.0,3.0,2.0,0.0,5.0,3.0,4.0,1003.0,20.0,69.0,0,2,0,7.0,63.0,1,1,2.0,1,2,0,0,2.0,0,1,1,0,64.0,2,2,0,4.0
1,0,17.0,1,0,1,4.0,2.0,4,2,0,0,2.0,3.5,0.0,0,0,0,0,1,1,1,1,4.0,2.0,3.0,3.0,1.0,5.0,0.0,18.0,18.0,18.0,1004.0,16.0,89.0,2,2,1,9.0,74.0,2,0,1.0,1,2,1,1,3.0,0,1,0,1,65.0,0,2,0,18.0
1,0,17.0,0,1,0,2.0,1.0,3,2,3,1,2.0,2.0,0.0,0,0,0,1,1,1,1,1,5.0,3.0,3.0,1.0,2.0,2.0,5.0,11.0,11.0,12.0,1005.0,24.0,75.0,1,2,0,5.0,98.0,0,1,1.0,1,2,1,2,3.0,0,1,2,1,67.0,0,0,1,11.333333333333334
1,0,18.0,1,1,0,1.0,1.0,0,3,0,1,1.0,2.0,0.0,0,0,0,0,1,1,0,1,5.0,2.0,3.0,1.0,2.0,3.0,2.0,8.0,10.0,11.0,1006.0,22.0,60.0,2,2,0,6.0,92.0,1,1,2.0,1,0,1,0,2.0,0,1,2,1,63.0,0,0,1,9.666666666666666
1,0,18.0,1,0,1,1.0,2.0,0,0,0,0,2.0,2.0,0.0,0,1,0,0,1,0,0,0,4.0,1.5,1.0,1.0,1.0,4.0,0.0,11.0,11.0,12.0,1007.0,25.0,60.0,2,1,1,5.0,73.0,1,1,1.0,2,2,1,0,2.0,0,1,2,1,62.0,0,0,1,11.333333333333334
1,0,19.0,0,0,0,1.0,1.0,0,0,0,2,2.0,2.0,0.0,0,1,0,1,1,0,0,1,3.0,5.0,4.0,1.0,4.0,1.0,0.0,8.0,3.0,4.0,1008.0,24.0,78.0,1,0,1,10.0,61.0,0,1,2.0,2,2,1,2,4.0,0,0,1,0,69.0,2,0,0,5.0
1,0,18.0,0,0,1,2.0,2.0,3,2,1,1,2.0,3.0,0.0,0,0,0,0,1,1,1,1,4.0,2.0,1.0,1.0,1.0,4.0,5.0,14.0,14.0,15.0,1009.0,26.0,80.0,2,2,1,7.0,94.0,2,1,1.0,1,2,0,2,2.0,0,2,1,1,70.0,0,0,0,14.333333333333334
1,1,17.0,0,0,1,4.0,3.0,3,2,1,1,2.0,2.0,0.0,0,1,1,1,0,1,1,1,4.0,5.0,5.0,1.0,3.0,2.0,4.0,10.0,11.0,11.0,1010.0,17.0,61.0,1,2,1,6.0,82.0,0,1,0.0,2,0,1,1,4.0,0,2,2,1,63.0,0,2,1,10.666666666666666
1,0,18.0,1,0,1,3.0,3.0,3,3,0,0,1.0,2.0,0.0,0,1,0,0,1,1,0,1,5.0,3.0,4.0,1.0,1.0,5.0,0.0,10.0,10.0,10.0,1011.0,28.0,87.0,2,2,1,7.0,70.0,2,1,2.0,1,2,1,1,2.0,0,2,2,1,71.0,2,0,0,10.0
1,0,17.0,0,0,1,4.0,4.0,4,3,2,0,2.0,2.0,0.0,0,1,1,1,1,1,1,0,4.0,3.0,3.0,1.0,2.0,5.0,2.0,12.0,12.0,12.0,1012.0,21.0,72.0,2,1,1,8.0,56.0,2,1,0.0,1,2,1,1,4.0,0,1,2,1,63.0,2,0,0,12.0
1,0,17.0,1,1,0,3.0,2.0,3,2,3,1,2.0,2.0,0.0,0,0,0,0,1,1,0,1,2.5,2.0,3.0,1.0,2.0,5.0,0.0,15.0,14.0,15.0,1013.0,32.0,82.0,1,2,1,8.0,88.0,1,1,0.0,0,2,1,2,2.0,0,0,1,1,71.0,0,0,0,14.666666666666666
1,1,18.0,1,1,1,1.0,1.0,2,3,1,0,2.0,1.0,0.0,0,0,0,0,0,1,1,1,3.0,3.0,2.0,1.0,2.0,3.0,2.0,14.0,13.0,14.0,1014.0,16.0,72.0,2,2,1,6.0,66.0,1,1,0.0,1,2,0,2,4.0,0,0,2,1,63.0,2,2,1,13.666666666666666
1,0,18.0,1,1,1,1.0,1.0,0,3,0,0,2.0,3.0,0.0,0,0,0,0,1,1,1,0,5.0,3.0,2.0,1.0,1.0,4.0,0.0,19.0,17.0,18.0,1015.0,30.0,67.0,2,0,1,6.0,80.0,0,1,0.0,1,2,1,1,4.0,0,1,1,1,68.0,0,0,1,18.0
1,0,18.0,0,1,0,1.0,2.0,0,2,0,1,3.0,2.0,0.0,0,0,0,0,1,1,0,1,4.0,3.0,4.0,1.0,4.0,5.0,0.0,16.0,15.0,15.0,1016.0,21.0,76.0,2,1,1,5.0,78.0,0,0,0.0,1,0,1,1,3.0,0,1,2,1,65.0,0,0,1,15.333333333333334
1,0,18.0,1,0,1,3.0,3.0,3,3,2,1,2.0,2.0,0.0,0,1,0,0,1,1,1,1,4.0,3.0,2.0,1.0,3.0,3.0,6.0,13.0,12.0,13.0,1017.0,16.0,69.0,0,0,1,7.0,85.0,2,1,0.0,0,0,0,0,3.0,0,1,2,0,66.0,0,2,0,12.666666666666666
1,0,17.0,1,1,1,4.0,4.0,0,0,0,1,1.0,2.0,0.0,0,1,0,1,1,1,1,1,2.5,3.0,4.0,1.0,1.0,1.0,4.0,15.0,14.0,15.0,1018.0,17.0,81.0,1,2,1,9.0,77.0,2,1,3.0,1,2,1,1,4.0,0,0,0,1,66.0,0,2,0,14.666666666666666
1,0,17.0,0,0,1,1.0,2.0,2,3,0,0,2.0,2.0,0.0,0,0,0,0,0,1,0,0,3.0,2.0,2.0,1.0,2.0,3.0,0.0,13.0,13.0,13.0,1019.0,18.0,68.0,0,0,0,6.0,82.0,1,1,0.0,2,0,1,2,3.0,0,1,2,1,66.0,0,2,1,13.0
1,1,18.0,0,0,1,1.0,3.0,0,2,0,1,2.0,2.0,0.0,0,1,1,0,1,1,0,0,3.0,3.0,4.0,2.0,4.0,3.0,0.0,8.0,10.0,9.0,1020.0,23.0,80.0,1,1,1,8.0,54.0,2,1,0.0,2,0,0,2,2.0,0,1,2,0,65.0,2,0,0,9.0
1,1,18.0,1,1,1,4.0,4.0,4,3,2,1,2.0,3.0,0.0,0,0,0,0,1,1,1,1,4.0,2.0,2.0,2.0,2.0,5.0,0.0,15.0,16.0,16.0,1021.0,23.0,66.0,2,0,0,6.0,83.0,2,1,0.0,0,2,1,2,2.0,0,1,2,0,66.0,0,0,1,15.666666666666666
1,0,17.0,0,0,1,1.0,1.0,2,3,3,1,3.0,1.0,0.0,0,1,0,0,1,1,1,1,5.0,2.0,1.0,1.0,2.0,1.0,0.0,8.0,8.0,9.0,1022.0,17.0,87.0,2,2,1,5.0,60.0,2,1,3.5,2,2,0,2,3.0,1,1,2,0,67.0,2,2,1,8.333333333333334
1,0,18.0,1,0,1,2.0,3.0,0,3,0,0,2.0,1.0,0.0,0,1,0,0,1,1,1,1,5.0,2.0,3.0,1.0,2.0,4.0,0.0,10.0,10.0,10.0,1023.0,20.0,90.0,0,2,0,8.0,70.0,2,1,0.0,2,2,0,1,3.0,0,1,1,0,68.0,2,2,0,10.0
1,0,18.0,0,0,1,4.0,4.0,2,4,2,0,3.0,2.0,0.0,0,1,0,0,0,1,1,1,3.0,2.0,2.0,3.5,2.0,5.0,0.0,7.0,5.0,4.0,1024.0,33.0,64.0,2,1,1,10.0,76.0,1,1,2.0,0,0,0,1,3.0,0,1,2,1,68.0,0,0,0,5.333333333333333
1,1,18.0,0,1,1,1.0,2.0,0,3,2,0,3.0,1.0,0.0,0,1,0,1,1,0,1,1,4.0,3.0,3.0,2.0,3.0,3.0,3.0,9.0,10.0,10.0,1025.0,30.0,79.0,1,2,0,8.0,84.0,2,1,3.0,1,2,0,0,3.0,0,0,1,0,69.0,0,0,0,9.666666666666666
1,0,17.0,1,0,1,2.0,2.0,2,0,1,1,1.0,3.0,0.0,0,0,0,1,1,1,0,1,3.0,4.0,3.0,1.0,1.0,3.0,8.0,10.0,11.0,12.0,1026.0,23.0,63.0,2,1,1,6.0,87.0,1,1,1.0,2,2,1,1,2.0,0,2,2,1,64.0,0,0,1,11.0
1,0,17.0,0,0,1,1.0,2.0,2,2,0,1,1.0,1.0,0.0,0,0,0,1,1,1,1,0,3.0,5.0,5.0,1.0,3.0,1.0,4.0,7.0,8.0,9.0,1027.0,20.0,84.0,2,2,0,6.0,85.0,2,1,0.0,2,2,0,2,3.0,0,1,1,1,67.0,0,2,1,8.0
1,0,18.0,0,1,1,4.0,4.0,2,2,3,1,2.0,3.0,0.0,0,0,0,0,1,1,1,0,5.0,4.0,4.0,1.0,1.0,1.0,0.0,15.0,17.0,17.0,1028.0,21.0,71.0,2,2,1,10.0,55.0,1,1,1.0,2,2,1,0,4.0,0,1,1,0,63.0,2,0,0,16.333333333333332
1,0,18.0,0,0,1,1.0,1.0,2,2,1,1,3.5,3.0,0.0,0,0,0,0,1,1,1,0,4.0,3.0,2.0,1.0,2.0,4.0,4.0,10.0,11.0,12.0,1029.0,24.0,81.0,1,0,1,7.0,69.0,2,1,3.0,1,2,1,0,3.0,0,0,2,1,67.0,2,0,0,11.0
1,0,19.0,0,0,1,1.0,1.0,0,2,0,2,2.0,2.0,0.0,0,1,0,0,1,1,1,1,4.0,3.0,3.0,1.0,1.0,3.0,4.0,7.0,8.0,9.0,1030.0,14.0,81.0,2,0,1,6.0,64.0,1,0,2.0,0,0,1,1,2.0,0,1,0,0,64.0,2,2,1,8.0
1,0,18.0,0,1,1,4.0,4.0,4,3,0,1,1.0,2.0,0.0,0,0,0,1,1,1,1,0,5.0,4.0,3.0,3.0,4.0,2.0,1.0,13.0,14.0,14.0,1031.0,18.0,97.0,1,2,0,7.0,70.0,1,1,0.0,0,2,1,1,2.0,1,1,2,0,66.0,2,2,0,13.666666666666666
1,0,18.0,1,0,1,3.0,3.0,2,2,1,1,1.0,2.0,0.0,0,0,0,0,1,1,1,1,4.0,1.5,3.0,1.0,2.0,1.0,1.0,16.0,16.0,16.0,1032.0,10.0,82.0,0,2,0,7.0,82.0,1,1,2.0,1,0,0,1,4.0,0,1,2,1,65.0,0,1,0,16.0
1,0,17.0,0,0,1,3.0,1.0,0,2,3,1,1.0,2.0,0.0,0,1,0,1,0,1,1,0,4.0,5.0,4.0,2.0,3.0,1.0,10.0,8.0,9.0,9.0,1033.0,22.0,83.0,2,2,1,8.0,60.0,1,0,3.5,2,2,1,1,2.0,0,2,1,0,68.0,2,0,0,8.666666666666666
1,1,18.0,1,0,1,4.0,4.0,4,4,1,0,1.0,2.0,0.0,0,0,0,1,0,1,1,0,3.0,2.0,4.0,1.0,4.0,2.0,4.0,17.0,18.0,19.0,1034.0,24.0,76.0,1,0,0,9.0,75.0,1,1,0.0,1,2,0,2,5.0,0,1,2,1,66.0,0,0,0,18.0
1,1,18.0,0,0,1,2.0,1.0,2,2,2,1,2.0,1.0,0.0,0,0,0,1,0,1,1,1,4.0,4.0,3.0,1.0,3.0,5.0,0.0,7.0,7.0,4.0,1035.0,17.0,98.0,0,0,0,9.0,94.0,1,1,0.0,0,1,1,0,3.0,0,0,2,1,71.0,0,2,0,6.0
1,1,17.0,1,0,1,2.0,3.0,2,3,1,0,2.0,2.0,0.0,0,0,0,1,1,1,1,0,4.0,4.0,3.0,1.0,1.0,3.0,4.0,14.0,15.0,16.0,1036.0,29.0,91.0,2,0,1,7.0,87.0,2,0,2.0,2,0,0,0,4.0,0,0,2,0,74.0,0,0,0,15.0
1,1,19.0,0,0,1,1.0,1.0,2,3,2,1,2.0,1.0,0.0,0,0,0,0,1,1,0,0,4.0,3.0,2.0,1.0,3.0,5.0,0.0,5.0,8.0,4.0,1037.0,13.0,71.0,2,0,0,7.0,86.0,1,1,2.0,1,2,1,2,3.0,0,2,2,1,65.0,0,2,0,5.666666666666667
1,1,18.0,0,0,1,4.0,2.0,2,2,1,0,2.0,1.0,0.0,0,0,1,0,1,1,0,0,5.0,4.0,3.0,3.5,3.0,3.0,0.0,7.0,7.0,4.0,1038.0,11.0,94.0,1,0,1,8.0,92.0,0,1,0.0,2,2,1,1,4.0,0,1,2,0,68.0,0,2,0,6.0
1,0,18.0,0,0,1,2.0,2.0,0,2,2,1,2.0,3.0,0.0,0,0,0,0,1,1,0,0,5.0,3.0,3.0,1.0,3.0,4.0,0.0,14.0,17.0,15.0,1039.0,21.0,77.0,2,0,1,6.0,70.0,1,0,2.0,0,2,0,2,2.0,0,0,2,1,68.0,2,0,1,15.333333333333334
1,0,17.0,1,0,1,4.0,3.0,4,2,2,1,2.0,2.0,0.0,0,0,0,0,1,1,1,0,5.0,5.0,4.0,1.0,1.0,1.0,0.0,6.0,9.0,11.0,1040.0,26.0,93.0,2,2,0,8.0,88.0,2,1,1.0,2,0,1,1,4.0,1,0,2,1,72.0,0,0,0,8.666666666666666
1,0,18.0,0,0,1,4.0,4.0,4,0,3,1,3.0,1.0,0.0,0,1,0,1,1,1,1,1,4.0,4.0,3.0,2.0,2.0,5.0,4.0,7.0,9.0,10.0,1041.0,30.0,93.0,0,0,1,7.0,53.0,2,1,3.0,1,2,0,0,2.0,0,2,1,0,74.0,2,0,0,8.666666666666666
1,0,19.0,0,0,1,2.0,3.0,3,2,0,1,1.0,3.0,0.0,0,0,0,1,0,1,1,0,5.0,4.0,2.0,1.0,2.0,5.0,4.0,10.0,11.0,10.0,1042.0,17.0,68.0,1,0,0,8.0,53.0,2,1,0.0,1,2,1,1,2.0,0,0,2,1,61.0,2,2,0,10.333333333333334
1,0,18.0,1,1,1,3.0,1.0,4,3,0,1,1.0,2.0,0.0,0,1,0,0,1,1,1,0,4.0,3.0,4.0,1.0,1.0,1.0,4.0,15.0,15.0,16.0,1043.0,26.0,88.0,1,1,0,10.0,67.0,1,1,0.0,1,1,0,2,3.0,0,1,0,1,65.0,2,0,0,15.333333333333334
1,0,18.0,1,0,1,1.0,1.0,2,2,0,1,2.0,2.0,0.0,0,0,0,1,1,1,0,0,2.5,1.5,1.0,1.0,1.0,5.0,6.0,11.0,12.0,9.0,1044.0,20.0,72.0,0,1,0,8.0,60.0,1,1,0.0,1,2,1,1,5.0,0,1,2,1,63.0,2,2,0,10.666666666666666
1,1,17.0,1,1,1,3.0,1.0,3,3,0,1,2.0,1.0,0.0,0,0,0,0,0,1,1,0,2.5,4.0,5.0,3.0,4.0,2.0,6.0,10.0,10.0,10.0,1045.0,19.0,72.0,0,2,1,7.0,76.0,2,1,1.0,2,0,1,2,2.0,0,1,1,0,66.0,0,2,0,10.0
1,1,18.0,0,1,1,3.0,2.0,3,2,0,1,3.0,1.0,0.0,0,0,0,0,0,1,1,0,4.0,4.0,1.0,3.0,4.0,5.0,4.0,10.0,11.0,11.0,1046.0,25.0,72.0,1,0,1,6.0,59.0,2,1,2.0,1,2,1,0,3.0,0,1,2,1,66.0,2,0,1,10.666666666666666
0,0,18.0,1,0,0,4.0,4.0,0,4,0,1,2.0,2.0,0.0,1,0,0,0,1,1,0,0,4.0,3.0,4.0,1.0,1.0,3.0,4.0,3.0,11.0,11.0,1047.0,24.0,89.0,0,2,1,7.0,99.0,2,1,2.0,1,0,0,1,4.0,0,1,2,0,73.0,0,0,0,8.333333333333334
1,0,16.0,0,0,1,2.0,2.0,2,2,0,1,2.0,2.0,0.0,0,1,0,1,1,1,1,0,4.0,4.0,4.0,1.0,1.0,5.0,0.0,12.0,12.0,12.0,1048.0,11.0,69.0,2,2,0,5.0,93.0,2,1,0.0,2,0,1,0,4.0,0,0,2,1,63.0,0,2,1,12.0
